[DEBUG] 2026-10-05 11:25:29,995 [main] com.wmp.downloader.tools.file.DataControl com.wmp.speed_bump.platform.background.pc.tools.SBLogger.debug(SBLogger.java:50) - 加载数据...
[DEBUG] 2026-10-05 11:25:30,817 [main] com.wmp.downloader.tools.file.DataControl com.wmp.speed_bump.platform.background.pc.tools.SBLogger.debug(SBLogger.java:50) - 文本数据加载完成
[INFO ] 2026-10-05 11:25:53,775 [main] com.wmp.speed_bump.platform.ui.swing.UIStart com.wmp.speed_bump.platform.background.pc.tools.SBLogger.info(SBLogger.java:20) - 开始加载
[INFO ] 2026-10-05 11:25:59,969 [main] com.wmp.speed_bump.platform.background.pc.resource.control.IconControl com.wmp.speed_bump.platform.background.pc.tools.SBLogger.info(SBLogger.java:20) - 正在获取error的对应图标
[INFO ] 2026-10-05 11:25:59,971 [main] com.wmp.speed_bump.platform.background.pc.resource.control.IconControl com.wmp.speed_bump.platform.background.pc.tools.SBLogger.info(SBLogger.java:20) - /com/wmp/speed_bump/common/background/resource/icon/dark/8-ui/prohibited.png
[INFO ] 2026-10-05 11:26:00,082 [main] com.wmp.speed_bump.platform.background.pc.resource.control.IconControl com.wmp.speed_bump.platform.background.pc.tools.SBLogger.info(SBLogger.java:20) - 正在获取info的对应图标
[INFO ] 2026-10-05 11:26:00,083 [main] com.wmp.speed_bump.platform.background.pc.resource.control.IconControl com.wmp.speed_bump.platform.background.pc.tools.SBLogger.info(SBLogger.java:20) - /com/wmp/speed_bump/common/background/resource/icon/dark/8-ui/info-02.png
[INFO ] 2026-10-05 11:26:00,103 [main] com.wmp.speed_bump.platform.background.pc.resource.control.IconControl com.wmp.speed_bump.platform.background.pc.tools.SBLogger.info(SBLogger.java:20) - 正在获取warn的对应图标
[INFO ] 2026-10-05 11:26:00,105 [main] com.wmp.speed_bump.platform.background.pc.resource.control.IconControl com.wmp.speed_bump.platform.background.pc.tools.SBLogger.info(SBLogger.java:20) - /com/wmp/speed_bump/common/background/resource/icon/dark/8-ui/exclamation-02.png
[INFO ] 2026-10-05 11:26:00,123 [main] com.wmp.speed_bump.platform.background.pc.resource.control.IconControl com.wmp.speed_bump.platform.background.pc.tools.SBLogger.info(SBLogger.java:20) - 正在获取question的对应图标
[INFO ] 2026-10-05 11:26:00,124 [main] com.wmp.speed_bump.platform.background.pc.resource.control.IconControl com.wmp.speed_bump.platform.background.pc.tools.SBLogger.info(SBLogger.java:20) - /com/wmp/speed_bump/common/background/resource/icon/dark/8-ui/question-mark.png
[DEBUG] 2026-10-05 11:26:00,744 [main] com.wmp.downloader.tools.file.DataControl com.wmp.speed_bump.platform.background.pc.tools.SBLogger.debug(SBLogger.java:50) - 加载数据...
[DEBUG] 2026-10-05 11:26:00,750 [main] com.wmp.downloader.tools.file.DataControl com.wmp.speed_bump.platform.background.pc.tools.SBLogger.debug(SBLogger.java:50) - 文本数据加载完成
[INFO ] 2026-10-05 11:26:08,228 [AWT-EventQueue-0] com.wmp.speed_bump.platform.background.pc.resource.control.IconControl com.wmp.speed_bump.platform.background.pc.tools.SBLogger.info(SBLogger.java:20) - 正在获取error的对应图标
[INFO ] 2026-10-05 11:26:08,232 [AWT-EventQueue-0] com.wmp.speed_bump.platform.background.pc.resource.control.IconControl com.wmp.speed_bump.platform.background.pc.tools.SBLogger.info(SBLogger.java:20) - /com/wmp/speed_bump/common/background/resource/icon/dark/8-ui/prohibited.png
[INFO ] 2026-10-05 11:26:08,258 [AWT-EventQueue-0] com.wmp.speed_bump.platform.background.pc.resource.control.IconControl com.wmp.speed_bump.platform.background.pc.tools.SBLogger.info(SBLogger.java:20) - 正在获取info的对应图标
[INFO ] 2026-10-05 11:26:08,259 [AWT-EventQueue-0] com.wmp.speed_bump.platform.background.pc.resource.control.IconControl com.wmp.speed_bump.platform.background.pc.tools.SBLogger.info(SBLogger.java:20) - /com/wmp/speed_bump/common/background/resource/icon/dark/8-ui/info-02.png
[INFO ] 2026-10-05 11:26:08,266 [AWT-EventQueue-0] com.wmp.speed_bump.platform.background.pc.resource.control.IconControl com.wmp.speed_bump.platform.background.pc.tools.SBLogger.info(SBLogger.java:20) - 正在获取warn的对应图标
[INFO ] 2026-10-05 11:26:08,268 [AWT-EventQueue-0] com.wmp.speed_bump.platform.background.pc.resource.control.IconControl com.wmp.speed_bump.platform.background.pc.tools.SBLogger.info(SBLogger.java:20) - /com/wmp/speed_bump/common/background/resource/icon/dark/8-ui/exclamation-02.png
[INFO ] 2026-10-05 11:26:08,283 [AWT-EventQueue-0] com.wmp.speed_bump.platform.background.pc.resource.control.IconControl com.wmp.speed_bump.platform.background.pc.tools.SBLogger.info(SBLogger.java:20) - 正在获取question的对应图标
[INFO ] 2026-10-05 11:26:08,285 [AWT-EventQueue-0] com.wmp.speed_bump.platform.background.pc.resource.control.IconControl com.wmp.speed_bump.platform.background.pc.tools.SBLogger.info(SBLogger.java:20) - /com/wmp/speed_bump/common/background/resource/icon/dark/8-ui/question-mark.png
[INFO ] 2026-10-05 11:26:16,253 [AWT-EventQueue-0] com.wmp.speed_bump.platform.background.pc.resource.control.IconControl com.wmp.speed_bump.platform.background.pc.tools.SBLogger.info(SBLogger.java:20) - 正在获取error的对应图标
[INFO ] 2026-10-05 11:26:16,255 [AWT-EventQueue-0] com.wmp.speed_bump.platform.background.pc.resource.control.IconControl com.wmp.speed_bump.platform.background.pc.tools.SBLogger.info(SBLogger.java:20) - /com/wmp/speed_bump/common/background/resource/icon/dark/8-ui/prohibited.png
[INFO ] 2026-10-05 11:26:16,273 [AWT-EventQueue-0] com.wmp.speed_bump.platform.background.pc.resource.control.IconControl com.wmp.speed_bump.platform.background.pc.tools.SBLogger.info(SBLogger.java:20) - 正在获取info的对应图标
[INFO ] 2026-10-05 11:26:16,275 [AWT-EventQueue-0] com.wmp.speed_bump.platform.background.pc.resource.control.IconControl com.wmp.speed_bump.platform.background.pc.tools.SBLogger.info(SBLogger.java:20) - /com/wmp/speed_bump/common/background/resource/icon/dark/8-ui/info-02.png
[INFO ] 2026-10-05 11:26:16,283 [AWT-EventQueue-0] com.wmp.speed_bump.platform.background.pc.resource.control.IconControl com.wmp.speed_bump.platform.background.pc.tools.SBLogger.info(SBLogger.java:20) - 正在获取warn的对应图标
[INFO ] 2026-10-05 11:26:16,285 [AWT-EventQueue-0] com.wmp.speed_bump.platform.background.pc.resource.control.IconControl com.wmp.speed_bump.platform.background.pc.tools.SBLogger.info(SBLogger.java:20) - /com/wmp/speed_bump/common/background/resource/icon/dark/8-ui/exclamation-02.png
[INFO ] 2026-10-05 11:26:16,291 [AWT-EventQueue-0] com.wmp.speed_bump.platform.background.pc.resource.control.IconControl com.wmp.speed_bump.platform.background.pc.tools.SBLogger.info(SBLogger.java:20) - 正在获取question的对应图标
[INFO ] 2026-10-05 11:26:16,292 [AWT-EventQueue-0] com.wmp.speed_bump.platform.background.pc.resource.control.IconControl com.wmp.speed_bump.platform.background.pc.tools.SBLogger.info(SBLogger.java:20) - /com/wmp/speed_bump/common/background/resource/icon/dark/8-ui/question-mark.png
[INFO ] 2026-10-05 11:26:16,454 [main] com.wmp.downloader.newArchitecture.ParserTaskInfo com.wmp.speed_bump.platform.background.pc.tools.SBLogger.info(SBLogger.java:20) - 解析器 哔哩哔哩链接解析器 被禁用,已跳过
[INFO ] 2026-10-05 11:26:16,472 [main] com.wmp.juzi.JuziReminder com.wmp.juzi.JuziReminder.loadQuotes(JuziReminder.java:280) - 「每日金句」已加载 41 条内容。
[INFO ] 2026-10-05 11:26:16,486 [main] com.wmp.downloader.newArchitecture.ParserTaskInfo com.wmp.speed_bump.platform.background.pc.tools.SBLogger.info(SBLogger.java:20) - 解析器 每日金句 被禁用,已跳过
[INFO ] 2026-10-05 11:26:16,504 [main] com.wmp.downloader.newArchitecture.ParserTaskInfo com.wmp.speed_bump.platform.background.pc.tools.SBLogger.info(SBLogger.java:20) - 解析器 抖音分享链接解析器 被禁用,已跳过
[INFO ] 2026-10-05 11:26:16,525 [main] com.wmp.downloader.newArchitecture.ParserTaskInfo com.wmp.speed_bump.platform.background.pc.tools.SBLogger.info(SBLogger.java:20) - 解析器 ED2K解析器 被禁用,已跳过
[INFO ] 2026-10-05 11:26:16,829 [main] com.wmp.downloader.newArchitecture.ParserTaskInfo com.wmp.speed_bump.platform.background.pc.tools.SBLogger.info(SBLogger.java:20) - 解析器 图片格式转换器 被禁用,已跳过
[INFO ] 2026-10-05 11:26:16,837 [main] com.wmp.downloader.newArchitecture.ParserTaskInfo com.wmp.speed_bump.platform.background.pc.tools.SBLogger.info(SBLogger.java:20) - Loaded parser: 打包工具 from PackageTool.jar
[INFO ] 2026-10-05 11:26:17,695 [main] com.wmp.windowmask.MaskWatcher com.wmp.windowmask.MaskWatcher.start(MaskWatcher.java:95) - 「窗口遮挡」检测线程已启动。
[INFO ] 2026-10-05 11:26:17,699 [main] com.wmp.downloader.newArchitecture.ParserTaskInfo com.wmp.speed_bump.platform.background.pc.tools.SBLogger.info(SBLogger.java:20) - 解析器 窗口遮挡 被禁用,已跳过
[INFO ] 2026-10-05 11:26:18,519 [main] com.wmp.speed_bump.platform.background.pc.resource.control.IconControl com.wmp.speed_bump.platform.background.pc.tools.SBLogger.info(SBLogger.java:20) - 正在获取tool-kit的对应图标
[INFO ] 2026-10-05 11:26:18,520 [main] com.wmp.speed_bump.platform.background.pc.resource.control.IconControl com.wmp.speed_bump.platform.background.pc.tools.SBLogger.info(SBLogger.java:20) - /com/wmp/speed_bump/common/background/resource/icon/dark/2-items/tool-kit.png
[INFO ] 2026-10-05 11:26:18,638 [main] com.wmp.speed_bump.platform.background.pc.resource.control.IconControl com.wmp.speed_bump.platform.background.pc.tools.SBLogger.info(SBLogger.java:20) - 正在获取statusbar.idle的对应图标
[INFO ] 2026-10-05 11:26:18,639 [main] com.wmp.speed_bump.platform.background.pc.resource.control.IconControl com.wmp.speed_bump.platform.background.pc.tools.SBLogger.info(SBLogger.java:20) - /com/wmp/speed_bump/common/background/resource/icon/dark/10-editing/clipboard.png
[INFO ] 2026-10-05 11:26:18,736 [main] com.wmp.speed_bump.platform.background.pc.resource.control.IconControl com.wmp.speed_bump.platform.background.pc.tools.SBLogger.info(SBLogger.java:20) - 正在获取statusbar.idle的对应图标
[INFO ] 2026-10-05 11:26:18,737 [main] com.wmp.speed_bump.platform.background.pc.resource.control.IconControl com.wmp.speed_bump.platform.background.pc.tools.SBLogger.info(SBLogger.java:20) - /com/wmp/speed_bump/common/background/resource/icon/dark/10-editing/clipboard.png
[INFO ] 2026-10-05 11:26:18,886 [main] com.wmp.speed_bump.platform.background.pc.resource.control.IconControl com.wmp.speed_bump.platform.background.pc.tools.SBLogger.info(SBLogger.java:20) - 正在获取icon的对应图标
[INFO ] 2026-10-05 11:26:18,887 [main] com.wmp.speed_bump.platform.background.pc.resource.control.IconControl com.wmp.speed_bump.platform.background.pc.tools.SBLogger.info(SBLogger.java:20) - /com/wmp/speed_bump/common/background/resource/icon/dark/icon.png
[INFO ] 2026-10-05 11:26:19,641 [main] com.wmp.speed_bump.platform.background.pc.resource.control.IconControl com.wmp.speed_bump.platform.background.pc.tools.SBLogger.info(SBLogger.java:20) - 正在获取download的对应图标
[INFO ] 2026-10-05 11:26:19,642 [main] com.wmp.speed_bump.platform.background.pc.resource.control.IconControl com.wmp.speed_bump.platform.background.pc.tools.SBLogger.info(SBLogger.java:20) - /com/wmp/speed_bump/common/background/resource/icon/dark/9-media/download.png
[INFO ] 2026-10-05 11:26:19,731 [main] com.wmp.speed_bump.platform.background.pc.resource.control.IconControl com.wmp.speed_bump.platform.background.pc.tools.SBLogger.info(SBLogger.java:20) - 正在获取icon的对应图标
[INFO ] 2026-10-05 11:26:19,732 [main] com.wmp.speed_bump.platform.background.pc.resource.control.IconControl com.wmp.speed_bump.platform.background.pc.tools.SBLogger.info(SBLogger.java:20) - /com/wmp/speed_bump/common/background/resource/icon/dark/icon.png
[INFO ] 2026-10-05 11:26:19,785 [main] com.wmp.speed_bump.platform.background.pc.resource.control.IconControl com.wmp.speed_bump.platform.background.pc.tools.SBLogger.info(SBLogger.java:20) - 正在获取icon的对应图标
[INFO ] 2026-10-05 11:26:19,785 [main] com.wmp.speed_bump.platform.background.pc.resource.control.IconControl com.wmp.speed_bump.platform.background.pc.tools.SBLogger.info(SBLogger.java:20) - /com/wmp/speed_bump/common/background/resource/icon/dark/icon.png
[INFO ] 2026-10-05 11:26:20,213 [main] com.wmp.speed_bump.platform.background.pc.resource.control.IconControl com.wmp.speed_bump.platform.background.pc.tools.SBLogger.info(SBLogger.java:20) - 正在获取icon的对应图标
[INFO ] 2026-10-05 11:26:20,214 [main] com.wmp.speed_bump.platform.background.pc.resource.control.IconControl com.wmp.speed_bump.platform.background.pc.tools.SBLogger.info(SBLogger.java:20) - /com/wmp/speed_bump/common/background/resource/icon/dark/icon.png
[INFO ] 2026-10-05 11:26:20,245 [daily-juzi-worker] com.wmp.juzi.JuziReminder com.wmp.juzi.JuziReminder.workLoop(JuziReminder.java:116) - 「每日金句」轮询线程已就绪。
[INFO ] 2026-10-05 11:26:20,266 [main] com.wmp.speed_bump.platform.background.pc.resource.control.IconControl com.wmp.speed_bump.platform.background.pc.tools.SBLogger.info(SBLogger.java:20) - 正在获取start的对应图标
[INFO ] 2026-10-05 11:26:20,269 [main] com.wmp.speed_bump.platform.background.pc.resource.control.IconControl com.wmp.speed_bump.platform.background.pc.tools.SBLogger.info(SBLogger.java:20) - /com/wmp/speed_bump/common/background/resource/icon/dark/9-media/play.png
[INFO ] 2026-10-05 11:26:20,296 [main] com.wmp.speed_bump.platform.background.pc.resource.control.IconControl com.wmp.speed_bump.platform.background.pc.tools.SBLogger.info(SBLogger.java:20) - 正在获取pause的对应图标
[INFO ] 2026-10-05 11:26:20,296 [main] com.wmp.speed_bump.platform.background.pc.resource.control.IconControl com.wmp.speed_bump.platform.background.pc.tools.SBLogger.info(SBLogger.java:20) - /com/wmp/speed_bump/common/background/resource/icon/dark/9-media/stop.png
[DEBUG] 2026-10-05 11:26:20,406 [daily-juzi-worker] com.wmp.juzi.JuziReminder com.wmp.juzi.JuziReminder.workLoop(JuziReminder.java:128) - 「每日金句」已切换到新的一天：2026-10-05
[INFO ] 2026-10-05 11:26:20,411 [main] com.wmp.speed_bump.platform.background.pc.resource.control.IconControl com.wmp.speed_bump.platform.background.pc.tools.SBLogger.info(SBLogger.java:20) - 正在获取update的对应图标
[INFO ] 2026-10-05 11:26:20,412 [main] com.wmp.speed_bump.platform.background.pc.resource.control.IconControl com.wmp.speed_bump.platform.background.pc.tools.SBLogger.info(SBLogger.java:20) - /com/wmp/speed_bump/common/background/resource/icon/dark/9-media/cloud-download.png
[INFO ] 2026-10-05 11:26:20,481 [main] com.wmp.speed_bump.platform.background.pc.resource.control.IconControl com.wmp.speed_bump.platform.background.pc.tools.SBLogger.info(SBLogger.java:20) - 正在获取settings的对应图标
[INFO ] 2026-10-05 11:26:20,482 [main] com.wmp.speed_bump.platform.background.pc.resource.control.IconControl com.wmp.speed_bump.platform.background.pc.tools.SBLogger.info(SBLogger.java:20) - /com/wmp/speed_bump/common/background/resource/icon/dark/8-ui/settings.png
[INFO ] 2026-10-05 11:26:20,508 [main] com.wmp.speed_bump.platform.background.pc.resource.control.IconControl com.wmp.speed_bump.platform.background.pc.tools.SBLogger.info(SBLogger.java:20) - 正在获取about的对应图标
[INFO ] 2026-10-05 11:26:20,516 [main] com.wmp.speed_bump.platform.background.pc.resource.control.IconControl com.wmp.speed_bump.platform.background.pc.tools.SBLogger.info(SBLogger.java:20) - /com/wmp/speed_bump/common/background/resource/icon/dark/8-ui/info-02.png
[INFO ] 2026-10-05 11:26:20,533 [main] com.wmp.speed_bump.platform.background.pc.resource.control.IconControl com.wmp.speed_bump.platform.background.pc.tools.SBLogger.info(SBLogger.java:20) - 正在获取power_switch的对应图标
[INFO ] 2026-10-05 11:26:20,537 [main] com.wmp.speed_bump.platform.background.pc.resource.control.IconControl com.wmp.speed_bump.platform.background.pc.tools.SBLogger.info(SBLogger.java:20) - /com/wmp/speed_bump/common/background/resource/icon/dark/9-media/power-switch.png
[INFO ] 2026-10-05 11:26:20,580 [main] com.wmp.speed_bump.platform.background.pc.resource.control.IconControl com.wmp.speed_bump.platform.background.pc.tools.SBLogger.info(SBLogger.java:20) - 正在获取icon的对应图标
[INFO ] 2026-10-05 11:26:20,583 [main] com.wmp.speed_bump.platform.background.pc.resource.control.IconControl com.wmp.speed_bump.platform.background.pc.tools.SBLogger.info(SBLogger.java:20) - /com/wmp/speed_bump/common/background/resource/icon/dark/icon.png
[INFO ] 2026-10-05 11:26:20,609 [main] com.wmp.speed_bump.platform.background.pc.resource.control.IconControl com.wmp.speed_bump.platform.background.pc.tools.SBLogger.info(SBLogger.java:20) - 正在获取icon的对应图标
[INFO ] 2026-10-05 11:26:20,610 [main] com.wmp.speed_bump.platform.background.pc.resource.control.IconControl com.wmp.speed_bump.platform.background.pc.tools.SBLogger.info(SBLogger.java:20) - /com/wmp/speed_bump/common/background/resource/icon/dark/icon.png
[INFO ] 2026-10-05 11:26:20,640 [main] com.wmp.speed_bump.platform.background.pc.resource.control.IconControl com.wmp.speed_bump.platform.background.pc.tools.SBLogger.info(SBLogger.java:20) - 正在获取start的对应图标
[INFO ] 2026-10-05 11:26:20,641 [main] com.wmp.speed_bump.platform.background.pc.resource.control.IconControl com.wmp.speed_bump.platform.background.pc.tools.SBLogger.info(SBLogger.java:20) - /com/wmp/speed_bump/common/background/resource/icon/dark/9-media/play.png
[INFO ] 2026-10-05 11:26:20,691 [main] com.wmp.speed_bump.platform.background.pc.resource.control.IconControl com.wmp.speed_bump.platform.background.pc.tools.SBLogger.info(SBLogger.java:20) - 正在获取pause的对应图标
[INFO ] 2026-10-05 11:26:20,692 [main] com.wmp.speed_bump.platform.background.pc.resource.control.IconControl com.wmp.speed_bump.platform.background.pc.tools.SBLogger.info(SBLogger.java:20) - /com/wmp/speed_bump/common/background/resource/icon/dark/9-media/stop.png
[INFO ] 2026-10-05 11:26:20,705 [main] com.wmp.speed_bump.platform.background.pc.resource.control.IconControl com.wmp.speed_bump.platform.background.pc.tools.SBLogger.info(SBLogger.java:20) - 正在获取update的对应图标
[INFO ] 2026-10-05 11:26:20,707 [main] com.wmp.speed_bump.platform.background.pc.resource.control.IconControl com.wmp.speed_bump.platform.background.pc.tools.SBLogger.info(SBLogger.java:20) - /com/wmp/speed_bump/common/background/resource/icon/dark/9-media/cloud-download.png
[INFO ] 2026-10-05 11:26:20,738 [main] com.wmp.speed_bump.platform.background.pc.resource.control.IconControl com.wmp.speed_bump.platform.background.pc.tools.SBLogger.info(SBLogger.java:20) - 正在获取settings的对应图标
[INFO ] 2026-10-05 11:26:20,747 [main] com.wmp.speed_bump.platform.background.pc.resource.control.IconControl com.wmp.speed_bump.platform.background.pc.tools.SBLogger.info(SBLogger.java:20) - /com/wmp/speed_bump/common/background/resource/icon/dark/8-ui/settings.png
[INFO ] 2026-10-05 11:26:20,764 [main] com.wmp.speed_bump.platform.background.pc.resource.control.IconControl com.wmp.speed_bump.platform.background.pc.tools.SBLogger.info(SBLogger.java:20) - 正在获取about的对应图标
[INFO ] 2026-10-05 11:26:20,765 [main] com.wmp.speed_bump.platform.background.pc.resource.control.IconControl com.wmp.speed_bump.platform.background.pc.tools.SBLogger.info(SBLogger.java:20) - /com/wmp/speed_bump/common/background/resource/icon/dark/8-ui/info-02.png
[INFO ] 2026-10-05 11:26:20,781 [main] com.wmp.speed_bump.platform.background.pc.resource.control.IconControl com.wmp.speed_bump.platform.background.pc.tools.SBLogger.info(SBLogger.java:20) - 正在获取power_switch的对应图标
[INFO ] 2026-10-05 11:26:20,783 [main] com.wmp.speed_bump.platform.background.pc.resource.control.IconControl com.wmp.speed_bump.platform.background.pc.tools.SBLogger.info(SBLogger.java:20) - /com/wmp/speed_bump/common/background/resource/icon/dark/9-media/power-switch.png
[INFO ] 2026-10-05 11:26:20,983 [main] com.wmp.speed_bump.platform.background.pc.resource.control.IconControl com.wmp.speed_bump.platform.background.pc.tools.SBLogger.info(SBLogger.java:20) - 正在获取refresh的对应图标
[INFO ] 2026-10-05 11:26:20,985 [main] com.wmp.speed_bump.platform.background.pc.resource.control.IconControl com.wmp.speed_bump.platform.background.pc.tools.SBLogger.info(SBLogger.java:20) - /com/wmp/speed_bump/common/background/resource/icon/dark/8-ui/refresh.png
[INFO ] 2026-10-05 11:26:21,046 [main] com.wmp.speed_bump.platform.background.pc.resource.control.IconControl com.wmp.speed_bump.platform.background.pc.tools.SBLogger.info(SBLogger.java:20) - 正在获取update的对应图标
[INFO ] 2026-10-05 11:26:21,048 [main] com.wmp.speed_bump.platform.background.pc.resource.control.IconControl com.wmp.speed_bump.platform.background.pc.tools.SBLogger.info(SBLogger.java:20) - /com/wmp/speed_bump/common/background/resource/icon/dark/9-media/cloud-download.png
[INFO ] 2026-10-05 11:26:21,567 [main] com.wmp.speed_bump.platform.background.pc.resource.control.IconControl com.wmp.speed_bump.platform.background.pc.tools.SBLogger.info(SBLogger.java:20) - 正在获取power_switch的对应图标
[INFO ] 2026-10-05 11:26:21,568 [main] com.wmp.speed_bump.platform.background.pc.resource.control.IconControl com.wmp.speed_bump.platform.background.pc.tools.SBLogger.info(SBLogger.java:20) - /com/wmp/speed_bump/common/background/resource/icon/dark/9-media/power-switch.png
[INFO ] 2026-10-05 11:26:21,600 [main] com.wmp.speed_bump.platform.background.pc.resource.control.IconControl com.wmp.speed_bump.platform.background.pc.tools.SBLogger.info(SBLogger.java:20) - 正在获取update的对应图标
[INFO ] 2026-10-05 11:26:21,601 [main] com.wmp.speed_bump.platform.background.pc.resource.control.IconControl com.wmp.speed_bump.platform.background.pc.tools.SBLogger.info(SBLogger.java:20) - /com/wmp/speed_bump/common/background/resource/icon/dark/9-media/cloud-download.png
[INFO ] 2026-10-05 11:26:21,610 [main] com.wmp.speed_bump.platform.background.pc.resource.control.IconControl com.wmp.speed_bump.platform.background.pc.tools.SBLogger.info(SBLogger.java:20) - 正在获取question的对应图标
[INFO ] 2026-10-05 11:26:21,613 [main] com.wmp.speed_bump.platform.background.pc.resource.control.IconControl com.wmp.speed_bump.platform.background.pc.tools.SBLogger.info(SBLogger.java:20) - /com/wmp/speed_bump/common/background/resource/icon/dark/8-ui/question-mark.png
[INFO ] 2026-10-05 11:26:21,639 [main] com.wmp.speed_bump.platform.background.pc.resource.control.IconControl com.wmp.speed_bump.platform.background.pc.tools.SBLogger.info(SBLogger.java:20) - 正在获取about的对应图标
[INFO ] 2026-10-05 11:26:21,642 [main] com.wmp.speed_bump.platform.background.pc.resource.control.IconControl com.wmp.speed_bump.platform.background.pc.tools.SBLogger.info(SBLogger.java:20) - /com/wmp/speed_bump/common/background/resource/icon/dark/8-ui/info-02.png
[INFO ] 2026-10-05 11:26:21,648 [main] com.wmp.speed_bump.platform.background.pc.resource.control.IconControl com.wmp.speed_bump.platform.background.pc.tools.SBLogger.info(SBLogger.java:20) - 正在获取task的对应图标
[INFO ] 2026-10-05 11:26:21,650 [main] com.wmp.speed_bump.platform.background.pc.resource.control.IconControl com.wmp.speed_bump.platform.background.pc.tools.SBLogger.info(SBLogger.java:20) - /com/wmp/speed_bump/common/background/resource/icon/dark/10-editing/clipboard.png
[INFO ] 2026-10-05 11:26:21,673 [main] com.wmp.speed_bump.platform.background.pc.resource.control.IconControl com.wmp.speed_bump.platform.background.pc.tools.SBLogger.info(SBLogger.java:20) - 正在获取settings的对应图标
[INFO ] 2026-10-05 11:26:21,675 [main] com.wmp.speed_bump.platform.background.pc.resource.control.IconControl com.wmp.speed_bump.platform.background.pc.tools.SBLogger.info(SBLogger.java:20) - /com/wmp/speed_bump/common/background/resource/icon/dark/8-ui/settings.png
[INFO ] 2026-10-05 11:26:21,682 [main] com.wmp.speed_bump.platform.background.pc.resource.control.IconControl com.wmp.speed_bump.platform.background.pc.tools.SBLogger.info(SBLogger.java:20) - 正在获取settings的对应图标
[INFO ] 2026-10-05 11:26:21,683 [main] com.wmp.speed_bump.platform.background.pc.resource.control.IconControl com.wmp.speed_bump.platform.background.pc.tools.SBLogger.info(SBLogger.java:20) - /com/wmp/speed_bump/common/background/resource/icon/dark/8-ui/settings.png
[INFO ] 2026-10-05 11:26:21,693 [main] com.wmp.speed_bump.platform.background.pc.resource.control.IconControl com.wmp.speed_bump.platform.background.pc.tools.SBLogger.info(SBLogger.java:20) - 正在获取plugin的对应图标
[INFO ] 2026-10-05 11:26:21,694 [main] com.wmp.speed_bump.platform.background.pc.resource.control.IconControl com.wmp.speed_bump.platform.background.pc.tools.SBLogger.info(SBLogger.java:20) - /com/wmp/speed_bump/common/background/resource/icon/dark/8-ui/grid-add.png
[INFO ] 2026-10-05 11:26:21,900 [main] com.wmp.speed_bump.platform.background.pc.resource.control.IconControl com.wmp.speed_bump.platform.background.pc.tools.SBLogger.info(SBLogger.java:20) - 正在获取about的对应图标
[INFO ] 2026-10-05 11:26:21,900 [main] com.wmp.speed_bump.platform.background.pc.resource.control.IconControl com.wmp.speed_bump.platform.background.pc.tools.SBLogger.info(SBLogger.java:20) - /com/wmp/speed_bump/common/background/resource/icon/dark/8-ui/info-02.png
[INFO ] 2026-10-05 11:26:23,041 [main] com.wmp.downloader.ui.Downloader com.wmp.speed_bump.platform.background.pc.tools.SBLogger.info(SBLogger.java:20) - 选中项在注册监听器时已就绪，立即执行懒加载
[INFO ] 2026-10-05 11:26:23,045 [main] com.wmp.downloader.ui.Downloader com.wmp.speed_bump.platform.background.pc.tools.SBLogger.info(SBLogger.java:20) - 正在加载：com.wmp.downloader.ui.Downloader$$Lambda/0x000000002f31c678@21aa6d6c
[INFO ] 2026-10-05 11:26:23,061 [SwingWorker-pool-2-thread-1] com.wmp.speed_bump.platform.background.pc.resource.control.IconControl com.wmp.speed_bump.platform.background.pc.tools.SBLogger.info(SBLogger.java:20) - 正在获取new的对应图标
[INFO ] 2026-10-05 11:26:23,062 [SwingWorker-pool-2-thread-1] com.wmp.speed_bump.platform.background.pc.resource.control.IconControl com.wmp.speed_bump.platform.background.pc.tools.SBLogger.info(SBLogger.java:20) - /com/wmp/speed_bump/common/background/resource/icon/dark/11-symbols/plus.png
[INFO ] 2026-10-05 11:26:23,112 [SwingWorker-pool-2-thread-1] com.wmp.speed_bump.platform.background.pc.resource.control.IconControl com.wmp.speed_bump.platform.background.pc.tools.SBLogger.info(SBLogger.java:20) - 正在获取start的对应图标
[INFO ] 2026-10-05 11:26:23,113 [SwingWorker-pool-2-thread-1] com.wmp.speed_bump.platform.background.pc.resource.control.IconControl com.wmp.speed_bump.platform.background.pc.tools.SBLogger.info(SBLogger.java:20) - /com/wmp/speed_bump/common/background/resource/icon/dark/9-media/play.png
[INFO ] 2026-10-05 11:26:23,176 [SwingWorker-pool-2-thread-1] com.wmp.speed_bump.platform.background.pc.resource.control.IconControl com.wmp.speed_bump.platform.background.pc.tools.SBLogger.info(SBLogger.java:20) - 正在获取pause的对应图标
[INFO ] 2026-10-05 11:26:23,177 [SwingWorker-pool-2-thread-1] com.wmp.speed_bump.platform.background.pc.resource.control.IconControl com.wmp.speed_bump.platform.background.pc.tools.SBLogger.info(SBLogger.java:20) - /com/wmp/speed_bump/common/background/resource/icon/dark/9-media/stop.png
[INFO ] 2026-10-05 11:26:24,405 [main] com.wmp.speed_bump.platform.background.pc.resource.control.IconControl com.wmp.speed_bump.platform.background.pc.tools.SBLogger.info(SBLogger.java:20) - 正在获取tool-kit的对应图标
[INFO ] 2026-10-05 11:26:24,406 [main] com.wmp.speed_bump.platform.background.pc.resource.control.IconControl com.wmp.speed_bump.platform.background.pc.tools.SBLogger.info(SBLogger.java:20) - /com/wmp/speed_bump/common/background/resource/icon/dark/2-items/tool-kit.png
[INFO ] 2026-10-05 11:26:24,412 [main] com.wmp.speed_bump.platform.background.pc.resource.control.IconControl com.wmp.speed_bump.platform.background.pc.tools.SBLogger.info(SBLogger.java:20) - 正在获取statusbar.idle的对应图标
[INFO ] 2026-10-05 11:26:24,412 [main] com.wmp.speed_bump.platform.background.pc.resource.control.IconControl com.wmp.speed_bump.platform.background.pc.tools.SBLogger.info(SBLogger.java:20) - /com/wmp/speed_bump/common/background/resource/icon/dark/10-editing/clipboard.png
[INFO ] 2026-10-05 11:26:24,419 [main] com.wmp.speed_bump.platform.background.pc.resource.control.IconControl com.wmp.speed_bump.platform.background.pc.tools.SBLogger.info(SBLogger.java:20) - 正在获取icon的对应图标
[INFO ] 2026-10-05 11:26:24,420 [main] com.wmp.speed_bump.platform.background.pc.resource.control.IconControl com.wmp.speed_bump.platform.background.pc.tools.SBLogger.info(SBLogger.java:20) - /com/wmp/speed_bump/common/background/resource/icon/dark/icon.png
[INFO ] 2026-10-05 11:26:24,439 [main] com.wmp.speed_bump.platform.background.pc.resource.control.IconControl com.wmp.speed_bump.platform.background.pc.tools.SBLogger.info(SBLogger.java:20) - 正在获取icon的对应图标
[INFO ] 2026-10-05 11:26:24,440 [main] com.wmp.speed_bump.platform.background.pc.resource.control.IconControl com.wmp.speed_bump.platform.background.pc.tools.SBLogger.info(SBLogger.java:20) - /com/wmp/speed_bump/common/background/resource/icon/dark/icon.png
[INFO ] 2026-10-05 11:26:24,445 [main] com.wmp.speed_bump.platform.background.pc.resource.control.IconControl com.wmp.speed_bump.platform.background.pc.tools.SBLogger.info(SBLogger.java:20) - 正在获取icon的对应图标
[INFO ] 2026-10-05 11:26:24,445 [main] com.wmp.speed_bump.platform.background.pc.resource.control.IconControl com.wmp.speed_bump.platform.background.pc.tools.SBLogger.info(SBLogger.java:20) - /com/wmp/speed_bump/common/background/resource/icon/dark/icon.png
[INFO ] 2026-10-05 11:26:24,463 [main] com.wmp.speed_bump.platform.background.pc.resource.control.IconControl com.wmp.speed_bump.platform.background.pc.tools.SBLogger.info(SBLogger.java:20) - 正在获取icon的对应图标
[INFO ] 2026-10-05 11:26:24,464 [main] com.wmp.speed_bump.platform.background.pc.resource.control.IconControl com.wmp.speed_bump.platform.background.pc.tools.SBLogger.info(SBLogger.java:20) - /com/wmp/speed_bump/common/background/resource/icon/dark/icon.png
[INFO ] 2026-10-05 11:26:24,475 [main] com.wmp.speed_bump.platform.background.pc.resource.control.IconControl com.wmp.speed_bump.platform.background.pc.tools.SBLogger.info(SBLogger.java:20) - 正在获取start的对应图标
[INFO ] 2026-10-05 11:26:24,475 [main] com.wmp.speed_bump.platform.background.pc.resource.control.IconControl com.wmp.speed_bump.platform.background.pc.tools.SBLogger.info(SBLogger.java:20) - /com/wmp/speed_bump/common/background/resource/icon/dark/9-media/play.png
[INFO ] 2026-10-05 11:26:24,493 [main] com.wmp.speed_bump.platform.background.pc.resource.control.IconControl com.wmp.speed_bump.platform.background.pc.tools.SBLogger.info(SBLogger.java:20) - 正在获取pause的对应图标
[INFO ] 2026-10-05 11:26:24,494 [main] com.wmp.speed_bump.platform.background.pc.resource.control.IconControl com.wmp.speed_bump.platform.background.pc.tools.SBLogger.info(SBLogger.java:20) - /com/wmp/speed_bump/common/background/resource/icon/dark/9-media/stop.png
[INFO ] 2026-10-05 11:26:24,501 [main] com.wmp.speed_bump.platform.background.pc.resource.control.IconControl com.wmp.speed_bump.platform.background.pc.tools.SBLogger.info(SBLogger.java:20) - 正在获取update的对应图标
[INFO ] 2026-10-05 11:26:24,502 [main] com.wmp.speed_bump.platform.background.pc.resource.control.IconControl com.wmp.speed_bump.platform.background.pc.tools.SBLogger.info(SBLogger.java:20) - /com/wmp/speed_bump/common/background/resource/icon/dark/9-media/cloud-download.png
[INFO ] 2026-10-05 11:26:24,512 [main] com.wmp.speed_bump.platform.background.pc.resource.control.IconControl com.wmp.speed_bump.platform.background.pc.tools.SBLogger.info(SBLogger.java:20) - 正在获取settings的对应图标
[INFO ] 2026-10-05 11:26:24,513 [main] com.wmp.speed_bump.platform.background.pc.resource.control.IconControl com.wmp.speed_bump.platform.background.pc.tools.SBLogger.info(SBLogger.java:20) - /com/wmp/speed_bump/common/background/resource/icon/dark/8-ui/settings.png
[INFO ] 2026-10-05 11:26:24,526 [main] com.wmp.speed_bump.platform.background.pc.resource.control.IconControl com.wmp.speed_bump.platform.background.pc.tools.SBLogger.info(SBLogger.java:20) - 正在获取about的对应图标
[INFO ] 2026-10-05 11:26:24,527 [main] com.wmp.speed_bump.platform.background.pc.resource.control.IconControl com.wmp.speed_bump.platform.background.pc.tools.SBLogger.info(SBLogger.java:20) - /com/wmp/speed_bump/common/background/resource/icon/dark/8-ui/info-02.png
[INFO ] 2026-10-05 11:26:24,554 [main] com.wmp.speed_bump.platform.background.pc.resource.control.IconControl com.wmp.speed_bump.platform.background.pc.tools.SBLogger.info(SBLogger.java:20) - 正在获取power_switch的对应图标
[INFO ] 2026-10-05 11:26:24,556 [main] com.wmp.speed_bump.platform.background.pc.resource.control.IconControl com.wmp.speed_bump.platform.background.pc.tools.SBLogger.info(SBLogger.java:20) - /com/wmp/speed_bump/common/background/resource/icon/dark/9-media/power-switch.png
[INFO ] 2026-10-05 11:26:24,564 [main] com.wmp.speed_bump.platform.background.pc.resource.control.IconControl com.wmp.speed_bump.platform.background.pc.tools.SBLogger.info(SBLogger.java:20) - 正在获取refresh的对应图标
[INFO ] 2026-10-05 11:26:24,564 [main] com.wmp.speed_bump.platform.background.pc.resource.control.IconControl com.wmp.speed_bump.platform.background.pc.tools.SBLogger.info(SBLogger.java:20) - /com/wmp/speed_bump/common/background/resource/icon/dark/8-ui/refresh.png
[INFO ] 2026-10-05 11:26:24,570 [main] com.wmp.speed_bump.platform.background.pc.resource.control.IconControl com.wmp.speed_bump.platform.background.pc.tools.SBLogger.info(SBLogger.java:20) - 正在获取update的对应图标
[INFO ] 2026-10-05 11:26:24,571 [main] com.wmp.speed_bump.platform.background.pc.resource.control.IconControl com.wmp.speed_bump.platform.background.pc.tools.SBLogger.info(SBLogger.java:20) - /com/wmp/speed_bump/common/background/resource/icon/dark/9-media/cloud-download.png
[INFO ] 2026-10-05 11:26:24,576 [main] com.wmp.speed_bump.platform.background.pc.resource.control.IconControl com.wmp.speed_bump.platform.background.pc.tools.SBLogger.info(SBLogger.java:20) - 正在获取power_switch的对应图标
[INFO ] 2026-10-05 11:26:24,576 [main] com.wmp.speed_bump.platform.background.pc.resource.control.IconControl com.wmp.speed_bump.platform.background.pc.tools.SBLogger.info(SBLogger.java:20) - /com/wmp/speed_bump/common/background/resource/icon/dark/9-media/power-switch.png
[INFO ] 2026-10-05 11:26:24,581 [main] com.wmp.speed_bump.platform.background.pc.resource.control.IconControl com.wmp.speed_bump.platform.background.pc.tools.SBLogger.info(SBLogger.java:20) - 正在获取update的对应图标
[INFO ] 2026-10-05 11:26:24,582 [main] com.wmp.speed_bump.platform.background.pc.resource.control.IconControl com.wmp.speed_bump.platform.background.pc.tools.SBLogger.info(SBLogger.java:20) - /com/wmp/speed_bump/common/background/resource/icon/dark/9-media/cloud-download.png
[INFO ] 2026-10-05 11:26:24,586 [main] com.wmp.speed_bump.platform.background.pc.resource.control.IconControl com.wmp.speed_bump.platform.background.pc.tools.SBLogger.info(SBLogger.java:20) - 正在获取question的对应图标
[INFO ] 2026-10-05 11:26:24,587 [main] com.wmp.speed_bump.platform.background.pc.resource.control.IconControl com.wmp.speed_bump.platform.background.pc.tools.SBLogger.info(SBLogger.java:20) - /com/wmp/speed_bump/common/background/resource/icon/dark/8-ui/question-mark.png
[INFO ] 2026-10-05 11:26:24,595 [main] com.wmp.speed_bump.platform.background.pc.resource.control.IconControl com.wmp.speed_bump.platform.background.pc.tools.SBLogger.info(SBLogger.java:20) - 正在获取about的对应图标
[INFO ] 2026-10-05 11:26:24,596 [main] com.wmp.speed_bump.platform.background.pc.resource.control.IconControl com.wmp.speed_bump.platform.background.pc.tools.SBLogger.info(SBLogger.java:20) - /com/wmp/speed_bump/common/background/resource/icon/dark/8-ui/info-02.png
[INFO ] 2026-10-05 11:26:24,602 [main] com.wmp.speed_bump.platform.background.pc.resource.control.IconControl com.wmp.speed_bump.platform.background.pc.tools.SBLogger.info(SBLogger.java:20) - 正在获取task的对应图标
[INFO ] 2026-10-05 11:26:24,603 [main] com.wmp.speed_bump.platform.background.pc.resource.control.IconControl com.wmp.speed_bump.platform.background.pc.tools.SBLogger.info(SBLogger.java:20) - /com/wmp/speed_bump/common/background/resource/icon/dark/10-editing/clipboard.png
[INFO ] 2026-10-05 11:26:24,613 [main] com.wmp.speed_bump.platform.background.pc.resource.control.IconControl com.wmp.speed_bump.platform.background.pc.tools.SBLogger.info(SBLogger.java:20) - 正在获取settings的对应图标
[INFO ] 2026-10-05 11:26:24,614 [main] com.wmp.speed_bump.platform.background.pc.resource.control.IconControl com.wmp.speed_bump.platform.background.pc.tools.SBLogger.info(SBLogger.java:20) - /com/wmp/speed_bump/common/background/resource/icon/dark/8-ui/settings.png
[INFO ] 2026-10-05 11:26:24,731 [main] com.wmp.speed_bump.platform.background.pc.resource.control.IconControl com.wmp.speed_bump.platform.background.pc.tools.SBLogger.info(SBLogger.java:20) - 正在获取settings的对应图标
[INFO ] 2026-10-05 11:26:24,732 [main] com.wmp.speed_bump.platform.background.pc.resource.control.IconControl com.wmp.speed_bump.platform.background.pc.tools.SBLogger.info(SBLogger.java:20) - /com/wmp/speed_bump/common/background/resource/icon/dark/8-ui/settings.png
[INFO ] 2026-10-05 11:26:24,758 [main] com.wmp.speed_bump.platform.background.pc.resource.control.IconControl com.wmp.speed_bump.platform.background.pc.tools.SBLogger.info(SBLogger.java:20) - 正在获取plugin的对应图标
[INFO ] 2026-10-05 11:26:24,759 [main] com.wmp.speed_bump.platform.background.pc.resource.control.IconControl com.wmp.speed_bump.platform.background.pc.tools.SBLogger.info(SBLogger.java:20) - /com/wmp/speed_bump/common/background/resource/icon/dark/8-ui/grid-add.png
[INFO ] 2026-10-05 11:26:24,767 [main] com.wmp.speed_bump.platform.background.pc.resource.control.IconControl com.wmp.speed_bump.platform.background.pc.tools.SBLogger.info(SBLogger.java:20) - 正在获取about的对应图标
[INFO ] 2026-10-05 11:26:24,768 [main] com.wmp.speed_bump.platform.background.pc.resource.control.IconControl com.wmp.speed_bump.platform.background.pc.tools.SBLogger.info(SBLogger.java:20) - /com/wmp/speed_bump/common/background/resource/icon/dark/8-ui/info-02.png
[INFO ] 2026-10-05 11:26:24,773 [main] com.wmp.speed_bump.platform.background.pc.resource.control.IconControl com.wmp.speed_bump.platform.background.pc.tools.SBLogger.info(SBLogger.java:20) - 正在获取new的对应图标
[INFO ] 2026-10-05 11:26:24,774 [main] com.wmp.speed_bump.platform.background.pc.resource.control.IconControl com.wmp.speed_bump.platform.background.pc.tools.SBLogger.info(SBLogger.java:20) - /com/wmp/speed_bump/common/background/resource/icon/dark/11-symbols/plus.png
[INFO ] 2026-10-05 11:26:24,794 [main] com.wmp.speed_bump.platform.background.pc.resource.control.IconControl com.wmp.speed_bump.platform.background.pc.tools.SBLogger.info(SBLogger.java:20) - 正在获取start的对应图标
[INFO ] 2026-10-05 11:26:24,795 [main] com.wmp.speed_bump.platform.background.pc.resource.control.IconControl com.wmp.speed_bump.platform.background.pc.tools.SBLogger.info(SBLogger.java:20) - /com/wmp/speed_bump/common/background/resource/icon/dark/9-media/play.png
[INFO ] 2026-10-05 11:26:24,800 [main] com.wmp.speed_bump.platform.background.pc.resource.control.IconControl com.wmp.speed_bump.platform.background.pc.tools.SBLogger.info(SBLogger.java:20) - 正在获取pause的对应图标
[INFO ] 2026-10-05 11:26:24,801 [main] com.wmp.speed_bump.platform.background.pc.resource.control.IconControl com.wmp.speed_bump.platform.background.pc.tools.SBLogger.info(SBLogger.java:20) - /com/wmp/speed_bump/common/background/resource/icon/dark/9-media/stop.png
[INFO ] 2026-10-05 11:26:24,833 [main] com.wmp.speed_bump.platform.background.pc.resource.control.IconControl com.wmp.speed_bump.platform.background.pc.tools.SBLogger.info(SBLogger.java:20) - 正在获取error的对应图标
[INFO ] 2026-10-05 11:26:24,834 [main] com.wmp.speed_bump.platform.background.pc.resource.control.IconControl com.wmp.speed_bump.platform.background.pc.tools.SBLogger.info(SBLogger.java:20) - /com/wmp/speed_bump/common/background/resource/icon/dark/8-ui/prohibited.png
[INFO ] 2026-10-05 11:26:24,839 [main] com.wmp.speed_bump.platform.background.pc.resource.control.IconControl com.wmp.speed_bump.platform.background.pc.tools.SBLogger.info(SBLogger.java:20) - 正在获取info的对应图标
[INFO ] 2026-10-05 11:26:24,841 [main] com.wmp.speed_bump.platform.background.pc.resource.control.IconControl com.wmp.speed_bump.platform.background.pc.tools.SBLogger.info(SBLogger.java:20) - /com/wmp/speed_bump/common/background/resource/icon/dark/8-ui/info-02.png
[INFO ] 2026-10-05 11:26:24,847 [main] com.wmp.speed_bump.platform.background.pc.resource.control.IconControl com.wmp.speed_bump.platform.background.pc.tools.SBLogger.info(SBLogger.java:20) - 正在获取warn的对应图标
[INFO ] 2026-10-05 11:26:24,847 [main] com.wmp.speed_bump.platform.background.pc.resource.control.IconControl com.wmp.speed_bump.platform.background.pc.tools.SBLogger.info(SBLogger.java:20) - /com/wmp/speed_bump/common/background/resource/icon/dark/8-ui/exclamation-02.png
[INFO ] 2026-10-05 11:26:24,853 [main] com.wmp.speed_bump.platform.background.pc.resource.control.IconControl com.wmp.speed_bump.platform.background.pc.tools.SBLogger.info(SBLogger.java:20) - 正在获取question的对应图标
[INFO ] 2026-10-05 11:26:24,853 [main] com.wmp.speed_bump.platform.background.pc.resource.control.IconControl com.wmp.speed_bump.platform.background.pc.tools.SBLogger.info(SBLogger.java:20) - /com/wmp/speed_bump/common/background/resource/icon/dark/8-ui/question-mark.png
[INFO ] 2026-10-05 11:26:25,668 [AWT-EventQueue-0] com.wmp.downloader.ui.Downloader com.wmp.speed_bump.platform.background.pc.tools.SBLogger.info(SBLogger.java:20) - 窗口已显示
[ERROR] 2026-10-05 11:26:26,102 [AWT-EventQueue-0] com.wmp.downloader.tools.update.GetUpdateInfo com.wmp.speed_bump.platform.background.pc.tools.SBLogger.error(SBLogger.java:35) - 网络数据获取失败
java.net.ConnectException: Connection refused: getsockopt
	at java.base/sun.nio.ch.Net.pollConnect(Native Method)
	at java.base/sun.nio.ch.Net.pollConnectNow(Net.java:639)
	at java.base/sun.nio.ch.NioSocketImpl.timedFinishConnect(NioSocketImpl.java:543)
	at java.base/sun.nio.ch.NioSocketImpl.connect(NioSocketImpl.java:594)
	at java.base/java.net.SocksSocketImpl.connect(SocksSocketImpl.java:284)
	at java.base/java.net.Socket.connect(Socket.java:659)
	at java.base/sun.security.ssl.SSLSocketImpl.connect(SSLSocketImpl.java:304)
	at java.base/sun.net.NetworkClient.doConnect(NetworkClient.java:161)
	at java.base/sun.net.www.http.HttpClient.openServer(HttpClient.java:524)
	at java.base/sun.net.www.http.HttpClient.openServer(HttpClient.java:612)
	at java.base/sun.net.www.protocol.https.HttpsClient.<init>(HttpsClient.java:207)
	at java.base/sun.net.www.protocol.https.HttpsClient.New(HttpsClient.java:289)
	at java.base/sun.net.www.protocol.https.AbstractDelegateHttpsURLConnection.getNewHttpClient(AbstractDelegateHttpsURLConnection.java:196)
	at java.base/sun.net.www.protocol.http.HttpURLConnection.plainConnect0(HttpURLConnection.java:966)
	at java.base/sun.net.www.protocol.http.HttpURLConnection.plainConnect(HttpURLConnection.java:902)
	at java.base/sun.net.www.protocol.http.HttpURLConnection.connect(HttpURLConnection.java:875)
	at java.base/sun.net.www.protocol.https.AbstractDelegateHttpsURLConnection.connect(AbstractDelegateHttpsURLConnection.java:181)
	at java.base/sun.net.www.protocol.https.HttpsURLConnectionImpl.connect(HttpsURLConnectionImpl.java:141)
	at org.jsoup.helper.HttpConnection$Response.execute(HttpConnection.java:859)
	at org.jsoup.helper.HttpConnection$Response.execute(HttpConnection.java:829)
	at org.jsoup.helper.HttpConnection.execute(HttpConnection.java:366)
	at com.wmp.downloader.tools.update.GetUpdateInfo.getUpdateInfo(GetUpdateInfo.java:46)
	at com.wmp.downloader.tools.update.GetUpdateInfo.getUpdateInfo(GetUpdateInfo.java:32)
	at com.wmp.downloader.ui.Downloader.checkUpdate(Downloader.java:1043)
	at com.wmp.downloader.ui.Downloader.windowOpened(Downloader.java:1514)
	at java.desktop/java.awt.AWTEventMulticaster.windowOpened(AWTEventMulticaster.java:349)
	at java.desktop/java.awt.Window.processWindowEvent(Window.java:1992)
	at java.desktop/javax.swing.JFrame.processWindowEvent(JFrame.java:298)
	at java.desktop/java.awt.Window.processEvent(Window.java:1954)
	at java.desktop/java.awt.Component.dispatchEventImpl(Component.java:4958)
	at java.desktop/java.awt.Container.dispatchEventImpl(Container.java:2318)
	at java.desktop/java.awt.Window.dispatchEventImpl(Window.java:2671)
	at java.desktop/java.awt.Component.dispatchEvent(Component.java:4790)
	at java.desktop/java.awt.EventQueue.dispatchEventImpl(EventQueue.java:725)
	at java.desktop/java.awt.EventQueue.dispatchEvent(EventQueue.java:702)
	at java.desktop/java.awt.EventDispatchThread.pumpOneEventForFilters(EventDispatchThread.java:203)
	at java.desktop/java.awt.EventDispatchThread.pumpEventsForFilter(EventDispatchThread.java:124)
	at java.desktop/java.awt.EventDispatchThread.pumpEventsForHierarchy(EventDispatchThread.java:113)
	at java.desktop/java.awt.EventDispatchThread.pumpEvents(EventDispatchThread.java:109)
	at java.desktop/java.awt.EventDispatchThread.pumpEvents(EventDispatchThread.java:101)
	at java.desktop/java.awt.EventDispatchThread.run(EventDispatchThread.java:90)
[DEBUG] 2026-10-05 11:28:19,468 [main] com.wmp.downloader.tools.file.DataControl:50 
 加载数据...
[DEBUG] 2026-10-05 11:28:20,140 [main] com.wmp.downloader.tools.file.DataControl:50 
 文本数据加载完成
[INFO ] 2026-10-05 11:28:27,299 [main] com.wmp.speed_bump.platform.ui.swing.UIStart:20 
 开始加载
[DEBUG] 2026-10-05 11:29:02,131 [main] com.wmp.downloader.tools.file.DataControl:50 
 加载数据...
[DEBUG] 2026-10-05 11:29:02,966 [main] com.wmp.downloader.tools.file.DataControl:50 
 文本数据加载完成
[INFO ] 2026-10-05 11:29:09,154 [main] com.wmp.speed_bump.platform.ui.swing.UIStart:20 
 开始加载
[INFO ] 2026-10-05 11:29:14,532 [main] com.wmp.speed_bump.platform.background.pc.resource.control.IconControl:20 
 正在获取error的对应图标
[INFO ] 2026-10-05 11:29:14,533 [main] com.wmp.speed_bump.platform.background.pc.resource.control.IconControl:20 
 /com/wmp/speed_bump/common/background/resource/icon/dark/8-ui/prohibited.png
[INFO ] 2026-10-05 11:29:15,585 [main] com.wmp.speed_bump.platform.background.pc.resource.control.IconControl:20 
 正在获取info的对应图标
[INFO ] 2026-10-05 11:29:16,279 [main] com.wmp.speed_bump.platform.background.pc.resource.control.IconControl:20 
 /com/wmp/speed_bump/common/background/resource/icon/dark/8-ui/info-02.png
[INFO ] 2026-10-05 11:29:16,580 [main] com.wmp.speed_bump.platform.background.pc.resource.control.IconControl:20 
 正在获取warn的对应图标
[INFO ] 2026-10-05 11:29:16,581 [main] com.wmp.speed_bump.platform.background.pc.resource.control.IconControl:20 
 /com/wmp/speed_bump/common/background/resource/icon/dark/8-ui/exclamation-02.png
[INFO ] 2026-10-05 11:29:16,599 [main] com.wmp.speed_bump.platform.background.pc.resource.control.IconControl:20 
 正在获取question的对应图标
[INFO ] 2026-10-05 11:29:16,600 [main] com.wmp.speed_bump.platform.background.pc.resource.control.IconControl:20 
 /com/wmp/speed_bump/common/background/resource/icon/dark/8-ui/question-mark.png
[DEBUG] 2026-10-05 11:29:17,416 [main] com.wmp.downloader.tools.file.DataControl:50 
 加载数据...
[DEBUG] 2026-10-05 11:29:17,419 [main] com.wmp.downloader.tools.file.DataControl:50 
 文本数据加载完成
[INFO ] 2026-10-05 11:29:22,422 [AWT-EventQueue-0] com.wmp.speed_bump.platform.background.pc.resource.control.IconControl:20 
 正在获取error的对应图标
[INFO ] 2026-10-05 11:29:22,425 [AWT-EventQueue-0] com.wmp.speed_bump.platform.background.pc.resource.control.IconControl:20 
 /com/wmp/speed_bump/common/background/resource/icon/dark/8-ui/prohibited.png
[INFO ] 2026-10-05 11:29:22,444 [AWT-EventQueue-0] com.wmp.speed_bump.platform.background.pc.resource.control.IconControl:20 
 正在获取info的对应图标
[INFO ] 2026-10-05 11:29:22,445 [AWT-EventQueue-0] com.wmp.speed_bump.platform.background.pc.resource.control.IconControl:20 
 /com/wmp/speed_bump/common/background/resource/icon/dark/8-ui/info-02.png
[INFO ] 2026-10-05 11:29:22,466 [AWT-EventQueue-0] com.wmp.speed_bump.platform.background.pc.resource.control.IconControl:20 
 正在获取warn的对应图标
[INFO ] 2026-10-05 11:29:22,467 [AWT-EventQueue-0] com.wmp.speed_bump.platform.background.pc.resource.control.IconControl:20 
 /com/wmp/speed_bump/common/background/resource/icon/dark/8-ui/exclamation-02.png
[INFO ] 2026-10-05 11:29:22,482 [AWT-EventQueue-0] com.wmp.speed_bump.platform.background.pc.resource.control.IconControl:20 
 正在获取question的对应图标
[INFO ] 2026-10-05 11:29:22,483 [AWT-EventQueue-0] com.wmp.speed_bump.platform.background.pc.resource.control.IconControl:20 
 /com/wmp/speed_bump/common/background/resource/icon/dark/8-ui/question-mark.png
[INFO ] 2026-10-05 11:29:27,867 [AWT-EventQueue-0] com.wmp.speed_bump.platform.background.pc.resource.control.IconControl:20 
 正在获取error的对应图标
[INFO ] 2026-10-05 11:29:27,869 [AWT-EventQueue-0] com.wmp.speed_bump.platform.background.pc.resource.control.IconControl:20 
 /com/wmp/speed_bump/common/background/resource/icon/dark/8-ui/prohibited.png
[INFO ] 2026-10-05 11:29:27,875 [AWT-EventQueue-0] com.wmp.speed_bump.platform.background.pc.resource.control.IconControl:20 
 正在获取info的对应图标
[INFO ] 2026-10-05 11:29:27,876 [AWT-EventQueue-0] com.wmp.speed_bump.platform.background.pc.resource.control.IconControl:20 
 /com/wmp/speed_bump/common/background/resource/icon/dark/8-ui/info-02.png
[INFO ] 2026-10-05 11:29:27,882 [AWT-EventQueue-0] com.wmp.speed_bump.platform.background.pc.resource.control.IconControl:20 
 正在获取warn的对应图标
[INFO ] 2026-10-05 11:29:27,883 [AWT-EventQueue-0] com.wmp.speed_bump.platform.background.pc.resource.control.IconControl:20 
 /com/wmp/speed_bump/common/background/resource/icon/dark/8-ui/exclamation-02.png
[INFO ] 2026-10-05 11:29:27,887 [AWT-EventQueue-0] com.wmp.speed_bump.platform.background.pc.resource.control.IconControl:20 
 正在获取question的对应图标
[INFO ] 2026-10-05 11:29:27,888 [AWT-EventQueue-0] com.wmp.speed_bump.platform.background.pc.resource.control.IconControl:20 
 /com/wmp/speed_bump/common/background/resource/icon/dark/8-ui/question-mark.png
[INFO ] 2026-10-05 11:29:30,896 [main] com.wmp.downloader.newArchitecture.ParserTaskInfo:20 
 解析器 哔哩哔哩链接解析器 被禁用,已跳过
[INFO ] 2026-10-05 11:29:30,913 [main] com.wmp.juzi.JuziReminder:280 
 「每日金句」已加载 41 条内容。
[INFO ] 2026-10-05 11:29:30,924 [main] com.wmp.downloader.newArchitecture.ParserTaskInfo:20 
 解析器 每日金句 被禁用,已跳过
[INFO ] 2026-10-05 11:29:30,937 [main] com.wmp.downloader.newArchitecture.ParserTaskInfo:20 
 解析器 抖音分享链接解析器 被禁用,已跳过
[INFO ] 2026-10-05 11:29:30,950 [main] com.wmp.downloader.newArchitecture.ParserTaskInfo:20 
 解析器 ED2K解析器 被禁用,已跳过
[INFO ] 2026-10-05 11:29:31,133 [main] com.wmp.downloader.newArchitecture.ParserTaskInfo:20 
 解析器 图片格式转换器 被禁用,已跳过
[INFO ] 2026-10-05 11:29:31,139 [main] com.wmp.downloader.newArchitecture.ParserTaskInfo:20 
 Loaded parser: 打包工具 from PackageTool.jar
[INFO ] 2026-10-05 11:29:31,372 [main] com.wmp.windowmask.MaskWatcher:95 
 「窗口遮挡」检测线程已启动。
[INFO ] 2026-10-05 11:29:31,373 [main] com.wmp.downloader.newArchitecture.ParserTaskInfo:20 
 解析器 窗口遮挡 被禁用,已跳过
[INFO ] 2026-10-05 11:29:31,779 [main] com.wmp.speed_bump.platform.background.pc.resource.control.IconControl:20 
 正在获取tool-kit的对应图标
[INFO ] 2026-10-05 11:29:31,780 [main] com.wmp.speed_bump.platform.background.pc.resource.control.IconControl:20 
 /com/wmp/speed_bump/common/background/resource/icon/dark/2-items/tool-kit.png
[INFO ] 2026-10-05 11:29:31,840 [main] com.wmp.speed_bump.platform.background.pc.resource.control.IconControl:20 
 正在获取statusbar.idle的对应图标
[INFO ] 2026-10-05 11:29:31,841 [main] com.wmp.speed_bump.platform.background.pc.resource.control.IconControl:20 
 /com/wmp/speed_bump/common/background/resource/icon/dark/10-editing/clipboard.png
[INFO ] 2026-10-05 11:29:32,115 [main] com.wmp.speed_bump.platform.background.pc.resource.control.IconControl:20 
 正在获取statusbar.idle的对应图标
[INFO ] 2026-10-05 11:29:32,117 [main] com.wmp.speed_bump.platform.background.pc.resource.control.IconControl:20 
 /com/wmp/speed_bump/common/background/resource/icon/dark/10-editing/clipboard.png
[INFO ] 2026-10-05 11:29:32,144 [main] com.wmp.speed_bump.platform.background.pc.resource.control.IconControl:20 
 正在获取icon的对应图标
[INFO ] 2026-10-05 11:29:32,145 [main] com.wmp.speed_bump.platform.background.pc.resource.control.IconControl:20 
 /com/wmp/speed_bump/common/background/resource/icon/dark/icon.png
[INFO ] 2026-10-05 11:29:32,482 [main] com.wmp.speed_bump.platform.background.pc.resource.control.IconControl:20 
 正在获取download的对应图标
[INFO ] 2026-10-05 11:29:32,484 [main] com.wmp.speed_bump.platform.background.pc.resource.control.IconControl:20 
 /com/wmp/speed_bump/common/background/resource/icon/dark/9-media/download.png
[INFO ] 2026-10-05 11:29:32,558 [main] com.wmp.speed_bump.platform.background.pc.resource.control.IconControl:20 
 正在获取icon的对应图标
[INFO ] 2026-10-05 11:29:32,560 [main] com.wmp.speed_bump.platform.background.pc.resource.control.IconControl:20 
 /com/wmp/speed_bump/common/background/resource/icon/dark/icon.png
[INFO ] 2026-10-05 11:29:32,588 [main] com.wmp.speed_bump.platform.background.pc.resource.control.IconControl:20 
 正在获取icon的对应图标
[INFO ] 2026-10-05 11:29:32,589 [main] com.wmp.speed_bump.platform.background.pc.resource.control.IconControl:20 
 /com/wmp/speed_bump/common/background/resource/icon/dark/icon.png
[INFO ] 2026-10-05 11:29:32,714 [main] com.wmp.speed_bump.platform.background.pc.resource.control.IconControl:20 
 正在获取icon的对应图标
[INFO ] 2026-10-05 11:29:32,715 [main] com.wmp.speed_bump.platform.background.pc.resource.control.IconControl:20 
 /com/wmp/speed_bump/common/background/resource/icon/dark/icon.png
[INFO ] 2026-10-05 11:29:32,771 [main] com.wmp.speed_bump.platform.background.pc.resource.control.IconControl:20 
 正在获取start的对应图标
[INFO ] 2026-10-05 11:29:32,771 [main] com.wmp.speed_bump.platform.background.pc.resource.control.IconControl:20 
 /com/wmp/speed_bump/common/background/resource/icon/dark/9-media/play.png
[INFO ] 2026-10-05 11:29:32,908 [main] com.wmp.speed_bump.platform.background.pc.resource.control.IconControl:20 
 正在获取pause的对应图标
[INFO ] 2026-10-05 11:29:32,909 [main] com.wmp.speed_bump.platform.background.pc.resource.control.IconControl:20 
 /com/wmp/speed_bump/common/background/resource/icon/dark/9-media/stop.png
[INFO ] 2026-10-05 11:29:32,951 [main] com.wmp.speed_bump.platform.background.pc.resource.control.IconControl:20 
 正在获取update的对应图标
[INFO ] 2026-10-05 11:29:32,952 [main] com.wmp.speed_bump.platform.background.pc.resource.control.IconControl:20 
 /com/wmp/speed_bump/common/background/resource/icon/dark/9-media/cloud-download.png
[INFO ] 2026-10-05 11:29:32,973 [main] com.wmp.speed_bump.platform.background.pc.resource.control.IconControl:20 
 正在获取settings的对应图标
[INFO ] 2026-10-05 11:29:32,974 [main] com.wmp.speed_bump.platform.background.pc.resource.control.IconControl:20 
 /com/wmp/speed_bump/common/background/resource/icon/dark/8-ui/settings.png
[INFO ] 2026-10-05 11:29:32,989 [main] com.wmp.speed_bump.platform.background.pc.resource.control.IconControl:20 
 正在获取about的对应图标
[INFO ] 2026-10-05 11:29:32,990 [main] com.wmp.speed_bump.platform.background.pc.resource.control.IconControl:20 
 /com/wmp/speed_bump/common/background/resource/icon/dark/8-ui/info-02.png
[INFO ] 2026-10-05 11:29:32,996 [main] com.wmp.speed_bump.platform.background.pc.resource.control.IconControl:20 
 正在获取power_switch的对应图标
[INFO ] 2026-10-05 11:29:32,997 [main] com.wmp.speed_bump.platform.background.pc.resource.control.IconControl:20 
 /com/wmp/speed_bump/common/background/resource/icon/dark/9-media/power-switch.png
[INFO ] 2026-10-05 11:29:33,006 [daily-juzi-worker] com.wmp.juzi.JuziReminder:116 
 「每日金句」轮询线程已就绪。
[DEBUG] 2026-10-05 11:29:33,016 [daily-juzi-worker] com.wmp.juzi.JuziReminder:128 
 「每日金句」已切换到新的一天：2026-10-05
[INFO ] 2026-10-05 11:29:33,041 [main] com.wmp.speed_bump.platform.background.pc.resource.control.IconControl:20 
 正在获取icon的对应图标
[INFO ] 2026-10-05 11:29:33,041 [main] com.wmp.speed_bump.platform.background.pc.resource.control.IconControl:20 
 /com/wmp/speed_bump/common/background/resource/icon/dark/icon.png
[INFO ] 2026-10-05 11:29:33,058 [main] com.wmp.speed_bump.platform.background.pc.resource.control.IconControl:20 
 正在获取icon的对应图标
[INFO ] 2026-10-05 11:29:33,059 [main] com.wmp.speed_bump.platform.background.pc.resource.control.IconControl:20 
 /com/wmp/speed_bump/common/background/resource/icon/dark/icon.png
[INFO ] 2026-10-05 11:29:33,083 [main] com.wmp.speed_bump.platform.background.pc.resource.control.IconControl:20 
 正在获取start的对应图标
[INFO ] 2026-10-05 11:29:33,083 [main] com.wmp.speed_bump.platform.background.pc.resource.control.IconControl:20 
 /com/wmp/speed_bump/common/background/resource/icon/dark/9-media/play.png
[INFO ] 2026-10-05 11:29:33,089 [main] com.wmp.speed_bump.platform.background.pc.resource.control.IconControl:20 
 正在获取pause的对应图标
[INFO ] 2026-10-05 11:29:33,090 [main] com.wmp.speed_bump.platform.background.pc.resource.control.IconControl:20 
 /com/wmp/speed_bump/common/background/resource/icon/dark/9-media/stop.png
[INFO ] 2026-10-05 11:29:33,096 [main] com.wmp.speed_bump.platform.background.pc.resource.control.IconControl:20 
 正在获取update的对应图标
[INFO ] 2026-10-05 11:29:33,097 [main] com.wmp.speed_bump.platform.background.pc.resource.control.IconControl:20 
 /com/wmp/speed_bump/common/background/resource/icon/dark/9-media/cloud-download.png
[INFO ] 2026-10-05 11:29:33,104 [main] com.wmp.speed_bump.platform.background.pc.resource.control.IconControl:20 
 正在获取settings的对应图标
[INFO ] 2026-10-05 11:29:33,105 [main] com.wmp.speed_bump.platform.background.pc.resource.control.IconControl:20 
 /com/wmp/speed_bump/common/background/resource/icon/dark/8-ui/settings.png
[INFO ] 2026-10-05 11:29:33,124 [main] com.wmp.speed_bump.platform.background.pc.resource.control.IconControl:20 
 正在获取about的对应图标
[INFO ] 2026-10-05 11:29:33,125 [main] com.wmp.speed_bump.platform.background.pc.resource.control.IconControl:20 
 /com/wmp/speed_bump/common/background/resource/icon/dark/8-ui/info-02.png
[INFO ] 2026-10-05 11:29:33,142 [main] com.wmp.speed_bump.platform.background.pc.resource.control.IconControl:20 
 正在获取power_switch的对应图标
[INFO ] 2026-10-05 11:29:33,143 [main] com.wmp.speed_bump.platform.background.pc.resource.control.IconControl:20 
 /com/wmp/speed_bump/common/background/resource/icon/dark/9-media/power-switch.png
[INFO ] 2026-10-05 11:29:33,277 [main] com.wmp.speed_bump.platform.background.pc.resource.control.IconControl:20 
 正在获取refresh的对应图标
[INFO ] 2026-10-05 11:29:33,278 [main] com.wmp.speed_bump.platform.background.pc.resource.control.IconControl:20 
 /com/wmp/speed_bump/common/background/resource/icon/dark/8-ui/refresh.png
[INFO ] 2026-10-05 11:29:33,331 [main] com.wmp.speed_bump.platform.background.pc.resource.control.IconControl:20 
 正在获取update的对应图标
[INFO ] 2026-10-05 11:29:33,332 [main] com.wmp.speed_bump.platform.background.pc.resource.control.IconControl:20 
 /com/wmp/speed_bump/common/background/resource/icon/dark/9-media/cloud-download.png
[INFO ] 2026-10-05 11:29:33,614 [main] com.wmp.speed_bump.platform.background.pc.resource.control.IconControl:20 
 正在获取power_switch的对应图标
[INFO ] 2026-10-05 11:29:33,614 [main] com.wmp.speed_bump.platform.background.pc.resource.control.IconControl:20 
 /com/wmp/speed_bump/common/background/resource/icon/dark/9-media/power-switch.png
[INFO ] 2026-10-05 11:29:33,627 [main] com.wmp.speed_bump.platform.background.pc.resource.control.IconControl:20 
 正在获取update的对应图标
[INFO ] 2026-10-05 11:29:33,627 [main] com.wmp.speed_bump.platform.background.pc.resource.control.IconControl:20 
 /com/wmp/speed_bump/common/background/resource/icon/dark/9-media/cloud-download.png
[INFO ] 2026-10-05 11:29:33,660 [main] com.wmp.speed_bump.platform.background.pc.resource.control.IconControl:20 
 正在获取question的对应图标
[INFO ] 2026-10-05 11:29:33,661 [main] com.wmp.speed_bump.platform.background.pc.resource.control.IconControl:20 
 /com/wmp/speed_bump/common/background/resource/icon/dark/8-ui/question-mark.png
[INFO ] 2026-10-05 11:29:33,678 [main] com.wmp.speed_bump.platform.background.pc.resource.control.IconControl:20 
 正在获取about的对应图标
[INFO ] 2026-10-05 11:29:33,679 [main] com.wmp.speed_bump.platform.background.pc.resource.control.IconControl:20 
 /com/wmp/speed_bump/common/background/resource/icon/dark/8-ui/info-02.png
[INFO ] 2026-10-05 11:29:33,687 [main] com.wmp.speed_bump.platform.background.pc.resource.control.IconControl:20 
 正在获取task的对应图标
[INFO ] 2026-10-05 11:29:33,691 [main] com.wmp.speed_bump.platform.background.pc.resource.control.IconControl:20 
 /com/wmp/speed_bump/common/background/resource/icon/dark/10-editing/clipboard.png
[INFO ] 2026-10-05 11:29:33,713 [main] com.wmp.speed_bump.platform.background.pc.resource.control.IconControl:20 
 正在获取settings的对应图标
[INFO ] 2026-10-05 11:29:33,714 [main] com.wmp.speed_bump.platform.background.pc.resource.control.IconControl:20 
 /com/wmp/speed_bump/common/background/resource/icon/dark/8-ui/settings.png
[INFO ] 2026-10-05 11:29:33,726 [main] com.wmp.speed_bump.platform.background.pc.resource.control.IconControl:20 
 正在获取settings的对应图标
[INFO ] 2026-10-05 11:29:33,727 [main] com.wmp.speed_bump.platform.background.pc.resource.control.IconControl:20 
 /com/wmp/speed_bump/common/background/resource/icon/dark/8-ui/settings.png
[INFO ] 2026-10-05 11:29:33,736 [main] com.wmp.speed_bump.platform.background.pc.resource.control.IconControl:20 
 正在获取plugin的对应图标
[INFO ] 2026-10-05 11:29:33,736 [main] com.wmp.speed_bump.platform.background.pc.resource.control.IconControl:20 
 /com/wmp/speed_bump/common/background/resource/icon/dark/8-ui/grid-add.png
[INFO ] 2026-10-05 11:29:33,745 [main] com.wmp.speed_bump.platform.background.pc.resource.control.IconControl:20 
 正在获取about的对应图标
[INFO ] 2026-10-05 11:29:33,746 [main] com.wmp.speed_bump.platform.background.pc.resource.control.IconControl:20 
 /com/wmp/speed_bump/common/background/resource/icon/dark/8-ui/info-02.png
[INFO ] 2026-10-05 11:29:34,023 [main] com.wmp.downloader.ui.Downloader:20 
 选中项在注册监听器时已就绪，立即执行懒加载
[INFO ] 2026-10-05 11:29:34,028 [main] com.wmp.downloader.ui.Downloader:20 
 正在加载：com.wmp.downloader.ui.Downloader$$Lambda/0x000000001a32c678@4b3c354a
[INFO ] 2026-10-05 11:29:34,060 [SwingWorker-pool-2-thread-1] com.wmp.speed_bump.platform.background.pc.resource.control.IconControl:20 
 正在获取new的对应图标
[INFO ] 2026-10-05 11:29:34,060 [SwingWorker-pool-2-thread-1] com.wmp.speed_bump.platform.background.pc.resource.control.IconControl:20 
 /com/wmp/speed_bump/common/background/resource/icon/dark/11-symbols/plus.png
[INFO ] 2026-10-05 11:29:34,164 [SwingWorker-pool-2-thread-1] com.wmp.speed_bump.platform.background.pc.resource.control.IconControl:20 
 正在获取start的对应图标
[INFO ] 2026-10-05 11:29:34,165 [SwingWorker-pool-2-thread-1] com.wmp.speed_bump.platform.background.pc.resource.control.IconControl:20 
 /com/wmp/speed_bump/common/background/resource/icon/dark/9-media/play.png
[INFO ] 2026-10-05 11:29:34,195 [SwingWorker-pool-2-thread-1] com.wmp.speed_bump.platform.background.pc.resource.control.IconControl:20 
 正在获取pause的对应图标
[INFO ] 2026-10-05 11:29:34,196 [SwingWorker-pool-2-thread-1] com.wmp.speed_bump.platform.background.pc.resource.control.IconControl:20 
 /com/wmp/speed_bump/common/background/resource/icon/dark/9-media/stop.png
[INFO ] 2026-10-05 11:29:35,712 [main] com.wmp.speed_bump.platform.background.pc.resource.control.IconControl:20 
 正在获取tool-kit的对应图标
[INFO ] 2026-10-05 11:29:35,713 [main] com.wmp.speed_bump.platform.background.pc.resource.control.IconControl:20 
 /com/wmp/speed_bump/common/background/resource/icon/dark/2-items/tool-kit.png
[INFO ] 2026-10-05 11:29:35,719 [main] com.wmp.speed_bump.platform.background.pc.resource.control.IconControl:20 
 正在获取statusbar.idle的对应图标
[INFO ] 2026-10-05 11:29:35,719 [main] com.wmp.speed_bump.platform.background.pc.resource.control.IconControl:20 
 /com/wmp/speed_bump/common/background/resource/icon/dark/10-editing/clipboard.png
[INFO ] 2026-10-05 11:29:35,723 [main] com.wmp.speed_bump.platform.background.pc.resource.control.IconControl:20 
 正在获取icon的对应图标
[INFO ] 2026-10-05 11:29:35,724 [main] com.wmp.speed_bump.platform.background.pc.resource.control.IconControl:20 
 /com/wmp/speed_bump/common/background/resource/icon/dark/icon.png
[INFO ] 2026-10-05 11:29:35,738 [main] com.wmp.speed_bump.platform.background.pc.resource.control.IconControl:20 
 正在获取icon的对应图标
[INFO ] 2026-10-05 11:29:35,738 [main] com.wmp.speed_bump.platform.background.pc.resource.control.IconControl:20 
 /com/wmp/speed_bump/common/background/resource/icon/dark/icon.png
[INFO ] 2026-10-05 11:29:35,743 [main] com.wmp.speed_bump.platform.background.pc.resource.control.IconControl:20 
 正在获取icon的对应图标
[INFO ] 2026-10-05 11:29:35,744 [main] com.wmp.speed_bump.platform.background.pc.resource.control.IconControl:20 
 /com/wmp/speed_bump/common/background/resource/icon/dark/icon.png
[INFO ] 2026-10-05 11:29:35,754 [main] com.wmp.speed_bump.platform.background.pc.resource.control.IconControl:20 
 正在获取icon的对应图标
[INFO ] 2026-10-05 11:29:35,754 [main] com.wmp.speed_bump.platform.background.pc.resource.control.IconControl:20 
 /com/wmp/speed_bump/common/background/resource/icon/dark/icon.png
[INFO ] 2026-10-05 11:29:35,765 [main] com.wmp.speed_bump.platform.background.pc.resource.control.IconControl:20 
 正在获取start的对应图标
[INFO ] 2026-10-05 11:29:35,765 [main] com.wmp.speed_bump.platform.background.pc.resource.control.IconControl:20 
 /com/wmp/speed_bump/common/background/resource/icon/dark/9-media/play.png
[INFO ] 2026-10-05 11:29:35,774 [main] com.wmp.speed_bump.platform.background.pc.resource.control.IconControl:20 
 正在获取pause的对应图标
[INFO ] 2026-10-05 11:29:35,775 [main] com.wmp.speed_bump.platform.background.pc.resource.control.IconControl:20 
 /com/wmp/speed_bump/common/background/resource/icon/dark/9-media/stop.png
[INFO ] 2026-10-05 11:29:35,780 [main] com.wmp.speed_bump.platform.background.pc.resource.control.IconControl:20 
 正在获取update的对应图标
[INFO ] 2026-10-05 11:29:35,781 [main] com.wmp.speed_bump.platform.background.pc.resource.control.IconControl:20 
 /com/wmp/speed_bump/common/background/resource/icon/dark/9-media/cloud-download.png
[INFO ] 2026-10-05 11:29:35,788 [main] com.wmp.speed_bump.platform.background.pc.resource.control.IconControl:20 
 正在获取settings的对应图标
[INFO ] 2026-10-05 11:29:35,788 [main] com.wmp.speed_bump.platform.background.pc.resource.control.IconControl:20 
 /com/wmp/speed_bump/common/background/resource/icon/dark/8-ui/settings.png
[INFO ] 2026-10-05 11:29:35,793 [main] com.wmp.speed_bump.platform.background.pc.resource.control.IconControl:20 
 正在获取about的对应图标
[INFO ] 2026-10-05 11:29:35,794 [main] com.wmp.speed_bump.platform.background.pc.resource.control.IconControl:20 
 /com/wmp/speed_bump/common/background/resource/icon/dark/8-ui/info-02.png
[INFO ] 2026-10-05 11:29:35,798 [main] com.wmp.speed_bump.platform.background.pc.resource.control.IconControl:20 
 正在获取power_switch的对应图标
[INFO ] 2026-10-05 11:29:35,799 [main] com.wmp.speed_bump.platform.background.pc.resource.control.IconControl:20 
 /com/wmp/speed_bump/common/background/resource/icon/dark/9-media/power-switch.png
[INFO ] 2026-10-05 11:29:35,804 [main] com.wmp.speed_bump.platform.background.pc.resource.control.IconControl:20 
 正在获取refresh的对应图标
[INFO ] 2026-10-05 11:29:35,804 [main] com.wmp.speed_bump.platform.background.pc.resource.control.IconControl:20 
 /com/wmp/speed_bump/common/background/resource/icon/dark/8-ui/refresh.png
[INFO ] 2026-10-05 11:29:35,809 [main] com.wmp.speed_bump.platform.background.pc.resource.control.IconControl:20 
 正在获取update的对应图标
[INFO ] 2026-10-05 11:29:35,810 [main] com.wmp.speed_bump.platform.background.pc.resource.control.IconControl:20 
 /com/wmp/speed_bump/common/background/resource/icon/dark/9-media/cloud-download.png
[INFO ] 2026-10-05 11:29:35,816 [main] com.wmp.speed_bump.platform.background.pc.resource.control.IconControl:20 
 正在获取power_switch的对应图标
[INFO ] 2026-10-05 11:29:35,817 [main] com.wmp.speed_bump.platform.background.pc.resource.control.IconControl:20 
 /com/wmp/speed_bump/common/background/resource/icon/dark/9-media/power-switch.png
[INFO ] 2026-10-05 11:29:35,821 [main] com.wmp.speed_bump.platform.background.pc.resource.control.IconControl:20 
 正在获取update的对应图标
[INFO ] 2026-10-05 11:29:35,822 [main] com.wmp.speed_bump.platform.background.pc.resource.control.IconControl:20 
 /com/wmp/speed_bump/common/background/resource/icon/dark/9-media/cloud-download.png
[INFO ] 2026-10-05 11:29:35,826 [main] com.wmp.speed_bump.platform.background.pc.resource.control.IconControl:20 
 正在获取question的对应图标
[INFO ] 2026-10-05 11:29:35,826 [main] com.wmp.speed_bump.platform.background.pc.resource.control.IconControl:20 
 /com/wmp/speed_bump/common/background/resource/icon/dark/8-ui/question-mark.png
[INFO ] 2026-10-05 11:29:35,829 [main] com.wmp.speed_bump.platform.background.pc.resource.control.IconControl:20 
 正在获取about的对应图标
[INFO ] 2026-10-05 11:29:35,830 [main] com.wmp.speed_bump.platform.background.pc.resource.control.IconControl:20 
 /com/wmp/speed_bump/common/background/resource/icon/dark/8-ui/info-02.png
[INFO ] 2026-10-05 11:29:35,835 [main] com.wmp.speed_bump.platform.background.pc.resource.control.IconControl:20 
 正在获取task的对应图标
[INFO ] 2026-10-05 11:29:35,836 [main] com.wmp.speed_bump.platform.background.pc.resource.control.IconControl:20 
 /com/wmp/speed_bump/common/background/resource/icon/dark/10-editing/clipboard.png
[INFO ] 2026-10-05 11:29:35,839 [main] com.wmp.speed_bump.platform.background.pc.resource.control.IconControl:20 
 正在获取settings的对应图标
[INFO ] 2026-10-05 11:29:35,840 [main] com.wmp.speed_bump.platform.background.pc.resource.control.IconControl:20 
 /com/wmp/speed_bump/common/background/resource/icon/dark/8-ui/settings.png
[INFO ] 2026-10-05 11:29:35,844 [main] com.wmp.speed_bump.platform.background.pc.resource.control.IconControl:20 
 正在获取settings的对应图标
[INFO ] 2026-10-05 11:29:35,844 [main] com.wmp.speed_bump.platform.background.pc.resource.control.IconControl:20 
 /com/wmp/speed_bump/common/background/resource/icon/dark/8-ui/settings.png
[INFO ] 2026-10-05 11:29:35,847 [main] com.wmp.speed_bump.platform.background.pc.resource.control.IconControl:20 
 正在获取plugin的对应图标
[INFO ] 2026-10-05 11:29:35,848 [main] com.wmp.speed_bump.platform.background.pc.resource.control.IconControl:20 
 /com/wmp/speed_bump/common/background/resource/icon/dark/8-ui/grid-add.png
[INFO ] 2026-10-05 11:29:35,853 [main] com.wmp.speed_bump.platform.background.pc.resource.control.IconControl:20 
 正在获取about的对应图标
[INFO ] 2026-10-05 11:29:35,853 [main] com.wmp.speed_bump.platform.background.pc.resource.control.IconControl:20 
 /com/wmp/speed_bump/common/background/resource/icon/dark/8-ui/info-02.png
[INFO ] 2026-10-05 11:29:35,856 [main] com.wmp.speed_bump.platform.background.pc.resource.control.IconControl:20 
 正在获取new的对应图标
[INFO ] 2026-10-05 11:29:35,857 [main] com.wmp.speed_bump.platform.background.pc.resource.control.IconControl:20 
 /com/wmp/speed_bump/common/background/resource/icon/dark/11-symbols/plus.png
[INFO ] 2026-10-05 11:29:35,860 [main] com.wmp.speed_bump.platform.background.pc.resource.control.IconControl:20 
 正在获取start的对应图标
[INFO ] 2026-10-05 11:29:35,860 [main] com.wmp.speed_bump.platform.background.pc.resource.control.IconControl:20 
 /com/wmp/speed_bump/common/background/resource/icon/dark/9-media/play.png
[INFO ] 2026-10-05 11:29:35,864 [main] com.wmp.speed_bump.platform.background.pc.resource.control.IconControl:20 
 正在获取pause的对应图标
[INFO ] 2026-10-05 11:29:35,865 [main] com.wmp.speed_bump.platform.background.pc.resource.control.IconControl:20 
 /com/wmp/speed_bump/common/background/resource/icon/dark/9-media/stop.png
[INFO ] 2026-10-05 11:29:35,868 [main] com.wmp.speed_bump.platform.background.pc.resource.control.IconControl:20 
 正在获取error的对应图标
[INFO ] 2026-10-05 11:29:35,869 [main] com.wmp.speed_bump.platform.background.pc.resource.control.IconControl:20 
 /com/wmp/speed_bump/common/background/resource/icon/dark/8-ui/prohibited.png
[INFO ] 2026-10-05 11:29:35,872 [main] com.wmp.speed_bump.platform.background.pc.resource.control.IconControl:20 
 正在获取info的对应图标
[INFO ] 2026-10-05 11:29:35,873 [main] com.wmp.speed_bump.platform.background.pc.resource.control.IconControl:20 
 /com/wmp/speed_bump/common/background/resource/icon/dark/8-ui/info-02.png
[INFO ] 2026-10-05 11:29:35,877 [main] com.wmp.speed_bump.platform.background.pc.resource.control.IconControl:20 
 正在获取warn的对应图标
[INFO ] 2026-10-05 11:29:35,878 [main] com.wmp.speed_bump.platform.background.pc.resource.control.IconControl:20 
 /com/wmp/speed_bump/common/background/resource/icon/dark/8-ui/exclamation-02.png
[INFO ] 2026-10-05 11:29:35,887 [main] com.wmp.speed_bump.platform.background.pc.resource.control.IconControl:20 
 正在获取question的对应图标
[INFO ] 2026-10-05 11:29:35,887 [main] com.wmp.speed_bump.platform.background.pc.resource.control.IconControl:20 
 /com/wmp/speed_bump/common/background/resource/icon/dark/8-ui/question-mark.png
[INFO ] 2026-10-05 11:29:36,315 [AWT-EventQueue-0] com.wmp.downloader.ui.Downloader:20 
 窗口已显示
[ERROR] 2026-10-05 11:29:36,552 [AWT-EventQueue-0] com.wmp.downloader.tools.update.GetUpdateInfo:35 
 网络数据获取失败
java.net.ConnectException: Connection refused: getsockopt
	at java.base/sun.nio.ch.Net.pollConnect(Native Method)
	at java.base/sun.nio.ch.Net.pollConnectNow(Net.java:639)
	at java.base/sun.nio.ch.NioSocketImpl.timedFinishConnect(NioSocketImpl.java:543)
	at java.base/sun.nio.ch.NioSocketImpl.connect(NioSocketImpl.java:594)
	at java.base/java.net.SocksSocketImpl.connect(SocksSocketImpl.java:284)
	at java.base/java.net.Socket.connect(Socket.java:659)
	at java.base/sun.security.ssl.SSLSocketImpl.connect(SSLSocketImpl.java:304)
	at java.base/sun.net.NetworkClient.doConnect(NetworkClient.java:161)
	at java.base/sun.net.www.http.HttpClient.openServer(HttpClient.java:524)
	at java.base/sun.net.www.http.HttpClient.openServer(HttpClient.java:612)
	at java.base/sun.net.www.protocol.https.HttpsClient.<init>(HttpsClient.java:207)
	at java.base/sun.net.www.protocol.https.HttpsClient.New(HttpsClient.java:289)
	at java.base/sun.net.www.protocol.https.AbstractDelegateHttpsURLConnection.getNewHttpClient(AbstractDelegateHttpsURLConnection.java:196)
	at java.base/sun.net.www.protocol.http.HttpURLConnection.plainConnect0(HttpURLConnection.java:966)
	at java.base/sun.net.www.protocol.http.HttpURLConnection.plainConnect(HttpURLConnection.java:902)
	at java.base/sun.net.www.protocol.http.HttpURLConnection.connect(HttpURLConnection.java:875)
	at java.base/sun.net.www.protocol.https.AbstractDelegateHttpsURLConnection.connect(AbstractDelegateHttpsURLConnection.java:181)
	at java.base/sun.net.www.protocol.https.HttpsURLConnectionImpl.connect(HttpsURLConnectionImpl.java:141)
	at org.jsoup.helper.HttpConnection$Response.execute(HttpConnection.java:859)
	at org.jsoup.helper.HttpConnection$Response.execute(HttpConnection.java:829)
	at org.jsoup.helper.HttpConnection.execute(HttpConnection.java:366)
	at com.wmp.downloader.tools.update.GetUpdateInfo.getUpdateInfo(GetUpdateInfo.java:46)
	at com.wmp.downloader.tools.update.GetUpdateInfo.getUpdateInfo(GetUpdateInfo.java:32)
	at com.wmp.downloader.ui.Downloader.checkUpdate(Downloader.java:1043)
	at com.wmp.downloader.ui.Downloader.windowOpened(Downloader.java:1514)
	at java.desktop/java.awt.AWTEventMulticaster.windowOpened(AWTEventMulticaster.java:349)
	at java.desktop/java.awt.Window.processWindowEvent(Window.java:1992)
	at java.desktop/javax.swing.JFrame.processWindowEvent(JFrame.java:298)
	at java.desktop/java.awt.Window.processEvent(Window.java:1954)
	at java.desktop/java.awt.Component.dispatchEventImpl(Component.java:4958)
	at java.desktop/java.awt.Container.dispatchEventImpl(Container.java:2318)
	at java.desktop/java.awt.Window.dispatchEventImpl(Window.java:2671)
	at java.desktop/java.awt.Component.dispatchEvent(Component.java:4790)
	at java.desktop/java.awt.EventQueue.dispatchEventImpl(EventQueue.java:725)
	at java.desktop/java.awt.EventQueue.dispatchEvent(EventQueue.java:702)
	at java.desktop/java.awt.EventDispatchThread.pumpOneEventForFilters(EventDispatchThread.java:203)
	at java.desktop/java.awt.EventDispatchThread.pumpEventsForFilter(EventDispatchThread.java:124)
	at java.desktop/java.awt.EventDispatchThread.pumpEventsForHierarchy(EventDispatchThread.java:113)
	at java.desktop/java.awt.EventDispatchThread.pumpEvents(EventDispatchThread.java:109)
	at java.desktop/java.awt.EventDispatchThread.pumpEvents(EventDispatchThread.java:101)
	at java.desktop/java.awt.EventDispatchThread.run(EventDispatchThread.java:90)
[DEBUG] 2026-10-05 11:30:10,675 [main] com.wmp.downloader.tools.file.DataControl:50 
 加载数据...
[DEBUG] 2026-10-05 11:30:11,220 [main] com.wmp.downloader.tools.file.DataControl:50 
 文本数据加载完成
[INFO ] 2026-10-05 11:30:17,960 [main] com.wmp.speed_bump.platform.ui.swing.UIStart:20 
 开始加载
[INFO ] 2026-10-05 11:30:26,414 [main] com.wmp.speed_bump.platform.background.pc.resource.control.IconControl:20 
 正在获取error的对应图标
[INFO ] 2026-10-05 11:30:26,415 [main] com.wmp.speed_bump.platform.background.pc.resource.control.IconControl:20 
 /com/wmp/speed_bump/common/background/resource/icon/dark/8-ui/prohibited.png
[INFO ] 2026-10-05 11:30:26,523 [main] com.wmp.speed_bump.platform.background.pc.resource.control.IconControl:20 
 正在获取info的对应图标
[INFO ] 2026-10-05 11:30:26,524 [main] com.wmp.speed_bump.platform.background.pc.resource.control.IconControl:20 
 /com/wmp/speed_bump/common/background/resource/icon/dark/8-ui/info-02.png
[INFO ] 2026-10-05 11:30:26,541 [main] com.wmp.speed_bump.platform.background.pc.resource.control.IconControl:20 
 正在获取warn的对应图标
[INFO ] 2026-10-05 11:30:26,542 [main] com.wmp.speed_bump.platform.background.pc.resource.control.IconControl:20 
 /com/wmp/speed_bump/common/background/resource/icon/dark/8-ui/exclamation-02.png
[INFO ] 2026-10-05 11:30:26,554 [main] com.wmp.speed_bump.platform.background.pc.resource.control.IconControl:20 
 正在获取question的对应图标
[INFO ] 2026-10-05 11:30:26,555 [main] com.wmp.speed_bump.platform.background.pc.resource.control.IconControl:20 
 /com/wmp/speed_bump/common/background/resource/icon/dark/8-ui/question-mark.png
[DEBUG] 2026-10-05 11:30:26,625 [main] com.wmp.downloader.tools.file.DataControl:50 
 加载数据...
[DEBUG] 2026-10-05 11:30:26,628 [main] com.wmp.downloader.tools.file.DataControl:50 
 文本数据加载完成
[INFO ] 2026-10-05 11:30:40,145 [AWT-EventQueue-0] com.wmp.speed_bump.platform.background.pc.resource.control.IconControl:20 
 正在获取error的对应图标
[INFO ] 2026-10-05 11:30:40,148 [AWT-EventQueue-0] com.wmp.speed_bump.platform.background.pc.resource.control.IconControl:20 
 /com/wmp/speed_bump/common/background/resource/icon/dark/8-ui/prohibited.png
[INFO ] 2026-10-05 11:30:40,159 [AWT-EventQueue-0] com.wmp.speed_bump.platform.background.pc.resource.control.IconControl:20 
 正在获取info的对应图标
[INFO ] 2026-10-05 11:30:40,160 [AWT-EventQueue-0] com.wmp.speed_bump.platform.background.pc.resource.control.IconControl:20 
 /com/wmp/speed_bump/common/background/resource/icon/dark/8-ui/info-02.png
[INFO ] 2026-10-05 11:30:40,171 [AWT-EventQueue-0] com.wmp.speed_bump.platform.background.pc.resource.control.IconControl:20 
 正在获取warn的对应图标
[INFO ] 2026-10-05 11:30:40,173 [AWT-EventQueue-0] com.wmp.speed_bump.platform.background.pc.resource.control.IconControl:20 
 /com/wmp/speed_bump/common/background/resource/icon/dark/8-ui/exclamation-02.png
[INFO ] 2026-10-05 11:30:40,189 [AWT-EventQueue-0] com.wmp.speed_bump.platform.background.pc.resource.control.IconControl:20 
 正在获取question的对应图标
[INFO ] 2026-10-05 11:30:40,190 [AWT-EventQueue-0] com.wmp.speed_bump.platform.background.pc.resource.control.IconControl:20 
 /com/wmp/speed_bump/common/background/resource/icon/dark/8-ui/question-mark.png
[INFO ] 2026-10-05 11:30:44,716 [AWT-EventQueue-0] com.wmp.speed_bump.platform.background.pc.resource.control.IconControl:20 
 正在获取error的对应图标
[INFO ] 2026-10-05 11:30:44,717 [AWT-EventQueue-0] com.wmp.speed_bump.platform.background.pc.resource.control.IconControl:20 
 /com/wmp/speed_bump/common/background/resource/icon/dark/8-ui/prohibited.png
[INFO ] 2026-10-05 11:30:44,732 [AWT-EventQueue-0] com.wmp.speed_bump.platform.background.pc.resource.control.IconControl:20 
 正在获取info的对应图标
[INFO ] 2026-10-05 11:30:44,733 [AWT-EventQueue-0] com.wmp.speed_bump.platform.background.pc.resource.control.IconControl:20 
 /com/wmp/speed_bump/common/background/resource/icon/dark/8-ui/info-02.png
[INFO ] 2026-10-05 11:30:44,872 [AWT-EventQueue-0] com.wmp.speed_bump.platform.background.pc.resource.control.IconControl:20 
 正在获取warn的对应图标
[INFO ] 2026-10-05 11:30:44,872 [AWT-EventQueue-0] com.wmp.speed_bump.platform.background.pc.resource.control.IconControl:20 
 /com/wmp/speed_bump/common/background/resource/icon/dark/8-ui/exclamation-02.png
[INFO ] 2026-10-05 11:30:44,877 [AWT-EventQueue-0] com.wmp.speed_bump.platform.background.pc.resource.control.IconControl:20 
 正在获取question的对应图标
[INFO ] 2026-10-05 11:30:44,878 [AWT-EventQueue-0] com.wmp.speed_bump.platform.background.pc.resource.control.IconControl:20 
 /com/wmp/speed_bump/common/background/resource/icon/dark/8-ui/question-mark.png
[INFO ] 2026-10-05 11:30:46,189 [main] com.wmp.downloader.newArchitecture.ParserTaskInfo:20 
 解析器 哔哩哔哩链接解析器 被禁用,已跳过
[INFO ] 2026-10-05 11:30:46,207 [main] com.wmp.juzi.JuziReminder:280 
 「每日金句」已加载 41 条内容。
[INFO ] 2026-10-05 11:30:46,219 [main] com.wmp.downloader.newArchitecture.ParserTaskInfo:20 
 解析器 每日金句 被禁用,已跳过
[INFO ] 2026-10-05 11:30:46,229 [main] com.wmp.downloader.newArchitecture.ParserTaskInfo:20 
 解析器 抖音分享链接解析器 被禁用,已跳过
[INFO ] 2026-10-05 11:30:46,243 [main] com.wmp.downloader.newArchitecture.ParserTaskInfo:20 
 解析器 ED2K解析器 被禁用,已跳过
[INFO ] 2026-10-05 11:30:46,474 [main] com.wmp.downloader.newArchitecture.ParserTaskInfo:20 
 解析器 图片格式转换器 被禁用,已跳过
[INFO ] 2026-10-05 11:30:46,481 [main] com.wmp.downloader.newArchitecture.ParserTaskInfo:20 
 Loaded parser: 打包工具 from PackageTool.jar
[INFO ] 2026-10-05 11:30:47,178 [main] com.wmp.windowmask.MaskWatcher:95 
 「窗口遮挡」检测线程已启动。
[INFO ] 2026-10-05 11:30:47,180 [main] com.wmp.downloader.newArchitecture.ParserTaskInfo:20 
 解析器 窗口遮挡 被禁用,已跳过
[INFO ] 2026-10-05 11:30:47,561 [main] com.wmp.speed_bump.platform.background.pc.resource.control.IconControl:20 
 正在获取tool-kit的对应图标
[INFO ] 2026-10-05 11:30:47,562 [main] com.wmp.speed_bump.platform.background.pc.resource.control.IconControl:20 
 /com/wmp/speed_bump/common/background/resource/icon/dark/2-items/tool-kit.png
[INFO ] 2026-10-05 11:30:47,619 [main] com.wmp.speed_bump.platform.background.pc.resource.control.IconControl:20 
 正在获取statusbar.idle的对应图标
[INFO ] 2026-10-05 11:30:47,640 [main] com.wmp.speed_bump.platform.background.pc.resource.control.IconControl:20 
 /com/wmp/speed_bump/common/background/resource/icon/dark/10-editing/clipboard.png
[INFO ] 2026-10-05 11:30:47,801 [main] com.wmp.speed_bump.platform.background.pc.resource.control.IconControl:20 
 正在获取statusbar.idle的对应图标
[INFO ] 2026-10-05 11:30:47,802 [main] com.wmp.speed_bump.platform.background.pc.resource.control.IconControl:20 
 /com/wmp/speed_bump/common/background/resource/icon/dark/10-editing/clipboard.png
[INFO ] 2026-10-05 11:30:47,812 [main] com.wmp.speed_bump.platform.background.pc.resource.control.IconControl:20 
 正在获取icon的对应图标
[INFO ] 2026-10-05 11:30:47,813 [main] com.wmp.speed_bump.platform.background.pc.resource.control.IconControl:20 
 /com/wmp/speed_bump/common/background/resource/icon/dark/icon.png
[INFO ] 2026-10-05 11:30:47,978 [main] com.wmp.speed_bump.platform.background.pc.resource.control.IconControl:20 
 正在获取download的对应图标
[INFO ] 2026-10-05 11:30:47,979 [main] com.wmp.speed_bump.platform.background.pc.resource.control.IconControl:20 
 /com/wmp/speed_bump/common/background/resource/icon/dark/9-media/download.png
[INFO ] 2026-10-05 11:30:47,996 [main] com.wmp.speed_bump.platform.background.pc.resource.control.IconControl:20 
 正在获取icon的对应图标
[INFO ] 2026-10-05 11:30:47,996 [main] com.wmp.speed_bump.platform.background.pc.resource.control.IconControl:20 
 /com/wmp/speed_bump/common/background/resource/icon/dark/icon.png
[INFO ] 2026-10-05 11:30:48,014 [main] com.wmp.speed_bump.platform.background.pc.resource.control.IconControl:20 
 正在获取icon的对应图标
[INFO ] 2026-10-05 11:30:48,015 [main] com.wmp.speed_bump.platform.background.pc.resource.control.IconControl:20 
 /com/wmp/speed_bump/common/background/resource/icon/dark/icon.png
[INFO ] 2026-10-05 11:30:48,096 [main] com.wmp.speed_bump.platform.background.pc.resource.control.IconControl:20 
 正在获取icon的对应图标
[INFO ] 2026-10-05 11:30:48,097 [main] com.wmp.speed_bump.platform.background.pc.resource.control.IconControl:20 
 /com/wmp/speed_bump/common/background/resource/icon/dark/icon.png
[INFO ] 2026-10-05 11:30:48,175 [main] com.wmp.speed_bump.platform.background.pc.resource.control.IconControl:20 
 正在获取start的对应图标
[INFO ] 2026-10-05 11:30:48,176 [main] com.wmp.speed_bump.platform.background.pc.resource.control.IconControl:20 
 /com/wmp/speed_bump/common/background/resource/icon/dark/9-media/play.png
[INFO ] 2026-10-05 11:30:48,223 [main] com.wmp.speed_bump.platform.background.pc.resource.control.IconControl:20 
 正在获取pause的对应图标
[INFO ] 2026-10-05 11:30:48,225 [main] com.wmp.speed_bump.platform.background.pc.resource.control.IconControl:20 
 /com/wmp/speed_bump/common/background/resource/icon/dark/9-media/stop.png
[INFO ] 2026-10-05 11:30:48,268 [main] com.wmp.speed_bump.platform.background.pc.resource.control.IconControl:20 
 正在获取update的对应图标
[INFO ] 2026-10-05 11:30:48,269 [main] com.wmp.speed_bump.platform.background.pc.resource.control.IconControl:20 
 /com/wmp/speed_bump/common/background/resource/icon/dark/9-media/cloud-download.png
[INFO ] 2026-10-05 11:30:48,294 [daily-juzi-worker] com.wmp.juzi.JuziReminder:116 
 「每日金句」轮询线程已就绪。
[DEBUG] 2026-10-05 11:30:48,303 [daily-juzi-worker] com.wmp.juzi.JuziReminder:128 
 「每日金句」已切换到新的一天：2026-10-05
[INFO ] 2026-10-05 11:30:48,315 [main] com.wmp.speed_bump.platform.background.pc.resource.control.IconControl:20 
 正在获取settings的对应图标
[INFO ] 2026-10-05 11:30:48,316 [main] com.wmp.speed_bump.platform.background.pc.resource.control.IconControl:20 
 /com/wmp/speed_bump/common/background/resource/icon/dark/8-ui/settings.png
[INFO ] 2026-10-05 11:30:48,324 [main] com.wmp.speed_bump.platform.background.pc.resource.control.IconControl:20 
 正在获取about的对应图标
[INFO ] 2026-10-05 11:30:48,325 [main] com.wmp.speed_bump.platform.background.pc.resource.control.IconControl:20 
 /com/wmp/speed_bump/common/background/resource/icon/dark/8-ui/info-02.png
[INFO ] 2026-10-05 11:30:48,334 [main] com.wmp.speed_bump.platform.background.pc.resource.control.IconControl:20 
 正在获取power_switch的对应图标
[INFO ] 2026-10-05 11:30:48,335 [main] com.wmp.speed_bump.platform.background.pc.resource.control.IconControl:20 
 /com/wmp/speed_bump/common/background/resource/icon/dark/9-media/power-switch.png
[INFO ] 2026-10-05 11:30:48,347 [main] com.wmp.speed_bump.platform.background.pc.resource.control.IconControl:20 
 正在获取icon的对应图标
[INFO ] 2026-10-05 11:30:48,348 [main] com.wmp.speed_bump.platform.background.pc.resource.control.IconControl:20 
 /com/wmp/speed_bump/common/background/resource/icon/dark/icon.png
[INFO ] 2026-10-05 11:30:48,372 [main] com.wmp.speed_bump.platform.background.pc.resource.control.IconControl:20 
 正在获取icon的对应图标
[INFO ] 2026-10-05 11:30:48,373 [main] com.wmp.speed_bump.platform.background.pc.resource.control.IconControl:20 
 /com/wmp/speed_bump/common/background/resource/icon/dark/icon.png
[INFO ] 2026-10-05 11:30:48,397 [main] com.wmp.speed_bump.platform.background.pc.resource.control.IconControl:20 
 正在获取start的对应图标
[INFO ] 2026-10-05 11:30:48,398 [main] com.wmp.speed_bump.platform.background.pc.resource.control.IconControl:20 
 /com/wmp/speed_bump/common/background/resource/icon/dark/9-media/play.png
[INFO ] 2026-10-05 11:30:48,412 [main] com.wmp.speed_bump.platform.background.pc.resource.control.IconControl:20 
 正在获取pause的对应图标
[INFO ] 2026-10-05 11:30:48,412 [main] com.wmp.speed_bump.platform.background.pc.resource.control.IconControl:20 
 /com/wmp/speed_bump/common/background/resource/icon/dark/9-media/stop.png
[INFO ] 2026-10-05 11:30:48,425 [main] com.wmp.speed_bump.platform.background.pc.resource.control.IconControl:20 
 正在获取update的对应图标
[INFO ] 2026-10-05 11:30:48,426 [main] com.wmp.speed_bump.platform.background.pc.resource.control.IconControl:20 
 /com/wmp/speed_bump/common/background/resource/icon/dark/9-media/cloud-download.png
[INFO ] 2026-10-05 11:30:48,439 [main] com.wmp.speed_bump.platform.background.pc.resource.control.IconControl:20 
 正在获取settings的对应图标
[INFO ] 2026-10-05 11:30:48,440 [main] com.wmp.speed_bump.platform.background.pc.resource.control.IconControl:20 
 /com/wmp/speed_bump/common/background/resource/icon/dark/8-ui/settings.png
[INFO ] 2026-10-05 11:30:48,454 [main] com.wmp.speed_bump.platform.background.pc.resource.control.IconControl:20 
 正在获取about的对应图标
[INFO ] 2026-10-05 11:30:48,456 [main] com.wmp.speed_bump.platform.background.pc.resource.control.IconControl:20 
 /com/wmp/speed_bump/common/background/resource/icon/dark/8-ui/info-02.png
[INFO ] 2026-10-05 11:30:48,467 [main] com.wmp.speed_bump.platform.background.pc.resource.control.IconControl:20 
 正在获取power_switch的对应图标
[INFO ] 2026-10-05 11:30:48,468 [main] com.wmp.speed_bump.platform.background.pc.resource.control.IconControl:20 
 /com/wmp/speed_bump/common/background/resource/icon/dark/9-media/power-switch.png
[INFO ] 2026-10-05 11:30:48,607 [main] com.wmp.speed_bump.platform.background.pc.resource.control.IconControl:20 
 正在获取refresh的对应图标
[INFO ] 2026-10-05 11:30:48,608 [main] com.wmp.speed_bump.platform.background.pc.resource.control.IconControl:20 
 /com/wmp/speed_bump/common/background/resource/icon/dark/8-ui/refresh.png
[INFO ] 2026-10-05 11:30:48,689 [main] com.wmp.speed_bump.platform.background.pc.resource.control.IconControl:20 
 正在获取update的对应图标
[INFO ] 2026-10-05 11:30:48,689 [main] com.wmp.speed_bump.platform.background.pc.resource.control.IconControl:20 
 /com/wmp/speed_bump/common/background/resource/icon/dark/9-media/cloud-download.png
[INFO ] 2026-10-05 11:30:49,255 [main] com.wmp.speed_bump.platform.background.pc.resource.control.IconControl:20 
 正在获取power_switch的对应图标
[INFO ] 2026-10-05 11:30:49,256 [main] com.wmp.speed_bump.platform.background.pc.resource.control.IconControl:20 
 /com/wmp/speed_bump/common/background/resource/icon/dark/9-media/power-switch.png
[INFO ] 2026-10-05 11:30:49,297 [main] com.wmp.speed_bump.platform.background.pc.resource.control.IconControl:20 
 正在获取update的对应图标
[INFO ] 2026-10-05 11:30:49,297 [main] com.wmp.speed_bump.platform.background.pc.resource.control.IconControl:20 
 /com/wmp/speed_bump/common/background/resource/icon/dark/9-media/cloud-download.png
[INFO ] 2026-10-05 11:30:49,327 [main] com.wmp.speed_bump.platform.background.pc.resource.control.IconControl:20 
 正在获取question的对应图标
[INFO ] 2026-10-05 11:30:49,328 [main] com.wmp.speed_bump.platform.background.pc.resource.control.IconControl:20 
 /com/wmp/speed_bump/common/background/resource/icon/dark/8-ui/question-mark.png
[INFO ] 2026-10-05 11:30:49,346 [main] com.wmp.speed_bump.platform.background.pc.resource.control.IconControl:20 
 正在获取about的对应图标
[INFO ] 2026-10-05 11:30:49,346 [main] com.wmp.speed_bump.platform.background.pc.resource.control.IconControl:20 
 /com/wmp/speed_bump/common/background/resource/icon/dark/8-ui/info-02.png
[INFO ] 2026-10-05 11:30:49,358 [main] com.wmp.speed_bump.platform.background.pc.resource.control.IconControl:20 
 正在获取task的对应图标
[INFO ] 2026-10-05 11:30:49,359 [main] com.wmp.speed_bump.platform.background.pc.resource.control.IconControl:20 
 /com/wmp/speed_bump/common/background/resource/icon/dark/10-editing/clipboard.png
[INFO ] 2026-10-05 11:30:49,363 [main] com.wmp.speed_bump.platform.background.pc.resource.control.IconControl:20 
 正在获取settings的对应图标
[INFO ] 2026-10-05 11:30:49,364 [main] com.wmp.speed_bump.platform.background.pc.resource.control.IconControl:20 
 /com/wmp/speed_bump/common/background/resource/icon/dark/8-ui/settings.png
[INFO ] 2026-10-05 11:30:49,376 [main] com.wmp.speed_bump.platform.background.pc.resource.control.IconControl:20 
 正在获取settings的对应图标
[INFO ] 2026-10-05 11:30:49,376 [main] com.wmp.speed_bump.platform.background.pc.resource.control.IconControl:20 
 /com/wmp/speed_bump/common/background/resource/icon/dark/8-ui/settings.png
[INFO ] 2026-10-05 11:30:49,382 [main] com.wmp.speed_bump.platform.background.pc.resource.control.IconControl:20 
 正在获取plugin的对应图标
[INFO ] 2026-10-05 11:30:49,382 [main] com.wmp.speed_bump.platform.background.pc.resource.control.IconControl:20 
 /com/wmp/speed_bump/common/background/resource/icon/dark/8-ui/grid-add.png
[INFO ] 2026-10-05 11:30:49,391 [main] com.wmp.speed_bump.platform.background.pc.resource.control.IconControl:20 
 正在获取about的对应图标
[INFO ] 2026-10-05 11:30:49,391 [main] com.wmp.speed_bump.platform.background.pc.resource.control.IconControl:20 
 /com/wmp/speed_bump/common/background/resource/icon/dark/8-ui/info-02.png
[INFO ] 2026-10-05 11:30:49,839 [main] com.wmp.downloader.ui.Downloader:20 
 选中项在注册监听器时已就绪，立即执行懒加载
[INFO ] 2026-10-05 11:30:49,843 [main] com.wmp.downloader.ui.Downloader:20 
 正在加载：com.wmp.downloader.ui.Downloader$$Lambda/0x000000003631d5f0@21aa6d6c
[INFO ] 2026-10-05 11:30:49,907 [SwingWorker-pool-2-thread-1] com.wmp.speed_bump.platform.background.pc.resource.control.IconControl:20 
 正在获取new的对应图标
[INFO ] 2026-10-05 11:30:49,915 [SwingWorker-pool-2-thread-1] com.wmp.speed_bump.platform.background.pc.resource.control.IconControl:20 
 /com/wmp/speed_bump/common/background/resource/icon/dark/11-symbols/plus.png
[INFO ] 2026-10-05 11:30:50,106 [SwingWorker-pool-2-thread-1] com.wmp.speed_bump.platform.background.pc.resource.control.IconControl:20 
 正在获取start的对应图标
[INFO ] 2026-10-05 11:30:50,107 [SwingWorker-pool-2-thread-1] com.wmp.speed_bump.platform.background.pc.resource.control.IconControl:20 
 /com/wmp/speed_bump/common/background/resource/icon/dark/9-media/play.png
[INFO ] 2026-10-05 11:30:50,283 [SwingWorker-pool-2-thread-1] com.wmp.speed_bump.platform.background.pc.resource.control.IconControl:20 
 正在获取pause的对应图标
[INFO ] 2026-10-05 11:30:50,284 [SwingWorker-pool-2-thread-1] com.wmp.speed_bump.platform.background.pc.resource.control.IconControl:20 
 /com/wmp/speed_bump/common/background/resource/icon/dark/9-media/stop.png
[INFO ] 2026-10-05 11:30:52,171 [main] com.wmp.speed_bump.platform.background.pc.resource.control.IconControl:20 
 正在获取tool-kit的对应图标
[INFO ] 2026-10-05 11:30:52,172 [main] com.wmp.speed_bump.platform.background.pc.resource.control.IconControl:20 
 /com/wmp/speed_bump/common/background/resource/icon/dark/2-items/tool-kit.png
[INFO ] 2026-10-05 11:30:52,221 [main] com.wmp.speed_bump.platform.background.pc.resource.control.IconControl:20 
 正在获取statusbar.idle的对应图标
[INFO ] 2026-10-05 11:30:52,222 [main] com.wmp.speed_bump.platform.background.pc.resource.control.IconControl:20 
 /com/wmp/speed_bump/common/background/resource/icon/dark/10-editing/clipboard.png
[INFO ] 2026-10-05 11:30:52,256 [main] com.wmp.speed_bump.platform.background.pc.resource.control.IconControl:20 
 正在获取icon的对应图标
[INFO ] 2026-10-05 11:30:52,257 [main] com.wmp.speed_bump.platform.background.pc.resource.control.IconControl:20 
 /com/wmp/speed_bump/common/background/resource/icon/dark/icon.png
[INFO ] 2026-10-05 11:30:52,313 [main] com.wmp.speed_bump.platform.background.pc.resource.control.IconControl:20 
 正在获取icon的对应图标
[INFO ] 2026-10-05 11:30:52,314 [main] com.wmp.speed_bump.platform.background.pc.resource.control.IconControl:20 
 /com/wmp/speed_bump/common/background/resource/icon/dark/icon.png
[INFO ] 2026-10-05 11:30:52,321 [main] com.wmp.speed_bump.platform.background.pc.resource.control.IconControl:20 
 正在获取icon的对应图标
[INFO ] 2026-10-05 11:30:52,322 [main] com.wmp.speed_bump.platform.background.pc.resource.control.IconControl:20 
 /com/wmp/speed_bump/common/background/resource/icon/dark/icon.png
[INFO ] 2026-10-05 11:30:52,359 [main] com.wmp.speed_bump.platform.background.pc.resource.control.IconControl:20 
 正在获取icon的对应图标
[INFO ] 2026-10-05 11:30:52,361 [main] com.wmp.speed_bump.platform.background.pc.resource.control.IconControl:20 
 /com/wmp/speed_bump/common/background/resource/icon/dark/icon.png
[INFO ] 2026-10-05 11:30:52,440 [main] com.wmp.speed_bump.platform.background.pc.resource.control.IconControl:20 
 正在获取start的对应图标
[INFO ] 2026-10-05 11:30:52,441 [main] com.wmp.speed_bump.platform.background.pc.resource.control.IconControl:20 
 /com/wmp/speed_bump/common/background/resource/icon/dark/9-media/play.png
[INFO ] 2026-10-05 11:30:52,515 [main] com.wmp.speed_bump.platform.background.pc.resource.control.IconControl:20 
 正在获取pause的对应图标
[INFO ] 2026-10-05 11:30:52,516 [main] com.wmp.speed_bump.platform.background.pc.resource.control.IconControl:20 
 /com/wmp/speed_bump/common/background/resource/icon/dark/9-media/stop.png
[INFO ] 2026-10-05 11:30:52,531 [main] com.wmp.speed_bump.platform.background.pc.resource.control.IconControl:20 
 正在获取update的对应图标
[INFO ] 2026-10-05 11:30:52,534 [main] com.wmp.speed_bump.platform.background.pc.resource.control.IconControl:20 
 /com/wmp/speed_bump/common/background/resource/icon/dark/9-media/cloud-download.png
[INFO ] 2026-10-05 11:30:52,550 [main] com.wmp.speed_bump.platform.background.pc.resource.control.IconControl:20 
 正在获取settings的对应图标
[INFO ] 2026-10-05 11:30:52,551 [main] com.wmp.speed_bump.platform.background.pc.resource.control.IconControl:20 
 /com/wmp/speed_bump/common/background/resource/icon/dark/8-ui/settings.png
[INFO ] 2026-10-05 11:30:52,561 [main] com.wmp.speed_bump.platform.background.pc.resource.control.IconControl:20 
 正在获取about的对应图标
[INFO ] 2026-10-05 11:30:52,562 [main] com.wmp.speed_bump.platform.background.pc.resource.control.IconControl:20 
 /com/wmp/speed_bump/common/background/resource/icon/dark/8-ui/info-02.png
[INFO ] 2026-10-05 11:30:52,573 [main] com.wmp.speed_bump.platform.background.pc.resource.control.IconControl:20 
 正在获取power_switch的对应图标
[INFO ] 2026-10-05 11:30:52,574 [main] com.wmp.speed_bump.platform.background.pc.resource.control.IconControl:20 
 /com/wmp/speed_bump/common/background/resource/icon/dark/9-media/power-switch.png
[INFO ] 2026-10-05 11:30:52,582 [main] com.wmp.speed_bump.platform.background.pc.resource.control.IconControl:20 
 正在获取refresh的对应图标
[INFO ] 2026-10-05 11:30:52,583 [main] com.wmp.speed_bump.platform.background.pc.resource.control.IconControl:20 
 /com/wmp/speed_bump/common/background/resource/icon/dark/8-ui/refresh.png
[INFO ] 2026-10-05 11:30:52,586 [main] com.wmp.speed_bump.platform.background.pc.resource.control.IconControl:20 
 正在获取update的对应图标
[INFO ] 2026-10-05 11:30:52,588 [main] com.wmp.speed_bump.platform.background.pc.resource.control.IconControl:20 
 /com/wmp/speed_bump/common/background/resource/icon/dark/9-media/cloud-download.png
[INFO ] 2026-10-05 11:30:52,592 [main] com.wmp.speed_bump.platform.background.pc.resource.control.IconControl:20 
 正在获取power_switch的对应图标
[INFO ] 2026-10-05 11:30:52,593 [main] com.wmp.speed_bump.platform.background.pc.resource.control.IconControl:20 
 /com/wmp/speed_bump/common/background/resource/icon/dark/9-media/power-switch.png
[INFO ] 2026-10-05 11:30:52,599 [main] com.wmp.speed_bump.platform.background.pc.resource.control.IconControl:20 
 正在获取update的对应图标
[INFO ] 2026-10-05 11:30:52,600 [main] com.wmp.speed_bump.platform.background.pc.resource.control.IconControl:20 
 /com/wmp/speed_bump/common/background/resource/icon/dark/9-media/cloud-download.png
[INFO ] 2026-10-05 11:30:52,633 [main] com.wmp.speed_bump.platform.background.pc.resource.control.IconControl:20 
 正在获取question的对应图标
[INFO ] 2026-10-05 11:30:52,634 [main] com.wmp.speed_bump.platform.background.pc.resource.control.IconControl:20 
 /com/wmp/speed_bump/common/background/resource/icon/dark/8-ui/question-mark.png
[INFO ] 2026-10-05 11:30:52,639 [main] com.wmp.speed_bump.platform.background.pc.resource.control.IconControl:20 
 正在获取about的对应图标
[INFO ] 2026-10-05 11:30:52,640 [main] com.wmp.speed_bump.platform.background.pc.resource.control.IconControl:20 
 /com/wmp/speed_bump/common/background/resource/icon/dark/8-ui/info-02.png
[INFO ] 2026-10-05 11:30:52,676 [main] com.wmp.speed_bump.platform.background.pc.resource.control.IconControl:20 
 正在获取task的对应图标
[INFO ] 2026-10-05 11:30:52,677 [main] com.wmp.speed_bump.platform.background.pc.resource.control.IconControl:20 
 /com/wmp/speed_bump/common/background/resource/icon/dark/10-editing/clipboard.png
[INFO ] 2026-10-05 11:30:52,700 [main] com.wmp.speed_bump.platform.background.pc.resource.control.IconControl:20 
 正在获取settings的对应图标
[INFO ] 2026-10-05 11:30:52,701 [main] com.wmp.speed_bump.platform.background.pc.resource.control.IconControl:20 
 /com/wmp/speed_bump/common/background/resource/icon/dark/8-ui/settings.png
[INFO ] 2026-10-05 11:30:52,715 [main] com.wmp.speed_bump.platform.background.pc.resource.control.IconControl:20 
 正在获取settings的对应图标
[INFO ] 2026-10-05 11:30:52,716 [main] com.wmp.speed_bump.platform.background.pc.resource.control.IconControl:20 
 /com/wmp/speed_bump/common/background/resource/icon/dark/8-ui/settings.png
[INFO ] 2026-10-05 11:30:52,825 [main] com.wmp.speed_bump.platform.background.pc.resource.control.IconControl:20 
 正在获取plugin的对应图标
[INFO ] 2026-10-05 11:30:52,825 [main] com.wmp.speed_bump.platform.background.pc.resource.control.IconControl:20 
 /com/wmp/speed_bump/common/background/resource/icon/dark/8-ui/grid-add.png
[INFO ] 2026-10-05 11:30:52,830 [main] com.wmp.speed_bump.platform.background.pc.resource.control.IconControl:20 
 正在获取about的对应图标
[INFO ] 2026-10-05 11:30:52,831 [main] com.wmp.speed_bump.platform.background.pc.resource.control.IconControl:20 
 /com/wmp/speed_bump/common/background/resource/icon/dark/8-ui/info-02.png
[INFO ] 2026-10-05 11:30:52,838 [main] com.wmp.speed_bump.platform.background.pc.resource.control.IconControl:20 
 正在获取new的对应图标
[INFO ] 2026-10-05 11:30:52,838 [main] com.wmp.speed_bump.platform.background.pc.resource.control.IconControl:20 
 /com/wmp/speed_bump/common/background/resource/icon/dark/11-symbols/plus.png
[INFO ] 2026-10-05 11:30:52,844 [main] com.wmp.speed_bump.platform.background.pc.resource.control.IconControl:20 
 正在获取start的对应图标
[INFO ] 2026-10-05 11:30:52,845 [main] com.wmp.speed_bump.platform.background.pc.resource.control.IconControl:20 
 /com/wmp/speed_bump/common/background/resource/icon/dark/9-media/play.png
[INFO ] 2026-10-05 11:30:52,851 [main] com.wmp.speed_bump.platform.background.pc.resource.control.IconControl:20 
 正在获取pause的对应图标
[INFO ] 2026-10-05 11:30:52,851 [main] com.wmp.speed_bump.platform.background.pc.resource.control.IconControl:20 
 /com/wmp/speed_bump/common/background/resource/icon/dark/9-media/stop.png
[INFO ] 2026-10-05 11:30:52,856 [main] com.wmp.speed_bump.platform.background.pc.resource.control.IconControl:20 
 正在获取error的对应图标
[INFO ] 2026-10-05 11:30:52,857 [main] com.wmp.speed_bump.platform.background.pc.resource.control.IconControl:20 
 /com/wmp/speed_bump/common/background/resource/icon/dark/8-ui/prohibited.png
[INFO ] 2026-10-05 11:30:52,862 [main] com.wmp.speed_bump.platform.background.pc.resource.control.IconControl:20 
 正在获取info的对应图标
[INFO ] 2026-10-05 11:30:52,863 [main] com.wmp.speed_bump.platform.background.pc.resource.control.IconControl:20 
 /com/wmp/speed_bump/common/background/resource/icon/dark/8-ui/info-02.png
[INFO ] 2026-10-05 11:30:52,870 [main] com.wmp.speed_bump.platform.background.pc.resource.control.IconControl:20 
 正在获取warn的对应图标
[INFO ] 2026-10-05 11:30:52,870 [main] com.wmp.speed_bump.platform.background.pc.resource.control.IconControl:20 
 /com/wmp/speed_bump/common/background/resource/icon/dark/8-ui/exclamation-02.png
[INFO ] 2026-10-05 11:30:52,875 [main] com.wmp.speed_bump.platform.background.pc.resource.control.IconControl:20 
 正在获取question的对应图标
[INFO ] 2026-10-05 11:30:52,876 [main] com.wmp.speed_bump.platform.background.pc.resource.control.IconControl:20 
 /com/wmp/speed_bump/common/background/resource/icon/dark/8-ui/question-mark.png
[INFO ] 2026-10-05 11:30:53,402 [AWT-EventQueue-0] com.wmp.downloader.ui.Downloader:20 
 窗口已显示
[ERROR] 2026-10-05 11:30:53,740 [AWT-EventQueue-0] com.wmp.downloader.tools.update.GetUpdateInfo:35 
 网络数据获取失败
java.net.ConnectException: Connection refused: getsockopt
	at java.base/sun.nio.ch.Net.pollConnect(Native Method)
	at java.base/sun.nio.ch.Net.pollConnectNow(Net.java:639)
	at java.base/sun.nio.ch.NioSocketImpl.timedFinishConnect(NioSocketImpl.java:543)
	at java.base/sun.nio.ch.NioSocketImpl.connect(NioSocketImpl.java:594)
	at java.base/java.net.SocksSocketImpl.connect(SocksSocketImpl.java:284)
	at java.base/java.net.Socket.connect(Socket.java:659)
	at java.base/sun.security.ssl.SSLSocketImpl.connect(SSLSocketImpl.java:304)
	at java.base/sun.net.NetworkClient.doConnect(NetworkClient.java:161)
	at java.base/sun.net.www.http.HttpClient.openServer(HttpClient.java:524)
	at java.base/sun.net.www.http.HttpClient.openServer(HttpClient.java:612)
	at java.base/sun.net.www.protocol.https.HttpsClient.<init>(HttpsClient.java:207)
	at java.base/sun.net.www.protocol.https.HttpsClient.New(HttpsClient.java:289)
	at java.base/sun.net.www.protocol.https.AbstractDelegateHttpsURLConnection.getNewHttpClient(AbstractDelegateHttpsURLConnection.java:196)
	at java.base/sun.net.www.protocol.http.HttpURLConnection.plainConnect0(HttpURLConnection.java:966)
	at java.base/sun.net.www.protocol.http.HttpURLConnection.plainConnect(HttpURLConnection.java:902)
	at java.base/sun.net.www.protocol.http.HttpURLConnection.connect(HttpURLConnection.java:875)
	at java.base/sun.net.www.protocol.https.AbstractDelegateHttpsURLConnection.connect(AbstractDelegateHttpsURLConnection.java:181)
	at java.base/sun.net.www.protocol.https.HttpsURLConnectionImpl.connect(HttpsURLConnectionImpl.java:141)
	at org.jsoup.helper.HttpConnection$Response.execute(HttpConnection.java:859)
	at org.jsoup.helper.HttpConnection$Response.execute(HttpConnection.java:829)
	at org.jsoup.helper.HttpConnection.execute(HttpConnection.java:366)
	at com.wmp.downloader.tools.update.GetUpdateInfo.getUpdateInfo(GetUpdateInfo.java:46)
	at com.wmp.downloader.tools.update.GetUpdateInfo.getUpdateInfo(GetUpdateInfo.java:32)
	at com.wmp.downloader.ui.Downloader.checkUpdate(Downloader.java:1043)
	at com.wmp.downloader.ui.Downloader.windowOpened(Downloader.java:1514)
	at java.desktop/java.awt.AWTEventMulticaster.windowOpened(AWTEventMulticaster.java:349)
	at java.desktop/java.awt.Window.processWindowEvent(Window.java:1992)
	at java.desktop/javax.swing.JFrame.processWindowEvent(JFrame.java:298)
	at java.desktop/java.awt.Window.processEvent(Window.java:1954)
	at java.desktop/java.awt.Component.dispatchEventImpl(Component.java:4958)
	at java.desktop/java.awt.Container.dispatchEventImpl(Container.java:2318)
	at java.desktop/java.awt.Window.dispatchEventImpl(Window.java:2671)
	at java.desktop/java.awt.Component.dispatchEvent(Component.java:4790)
	at java.desktop/java.awt.EventQueue.dispatchEventImpl(EventQueue.java:725)
	at java.desktop/java.awt.EventQueue.dispatchEvent(EventQueue.java:702)
	at java.desktop/java.awt.EventDispatchThread.pumpOneEventForFilters(EventDispatchThread.java:203)
	at java.desktop/java.awt.EventDispatchThread.pumpEventsForFilter(EventDispatchThread.java:124)
	at java.desktop/java.awt.EventDispatchThread.pumpEventsForHierarchy(EventDispatchThread.java:113)
	at java.desktop/java.awt.EventDispatchThread.pumpEvents(EventDispatchThread.java:109)
	at java.desktop/java.awt.EventDispatchThread.pumpEvents(EventDispatchThread.java:101)
	at java.desktop/java.awt.EventDispatchThread.run(EventDispatchThread.java:90)
[INFO ] 2026-10-05 11:30:59,984 [AWT-EventQueue-0] com.wmp.downloader.ui.Downloader:20 
 正在加载：com.wmp.downloader.ui.Downloader$$Lambda/0x000000003631da50@7bb77e10
[INFO ] 2026-10-05 11:31:00,065 [SwingWorker-pool-2-thread-2] com.wmp.speed_bump.platform.background.pc.resource.control.IconControl:20 
 正在获取folder的对应图标
[INFO ] 2026-10-05 11:31:00,067 [SwingWorker-pool-2-thread-2] com.wmp.speed_bump.platform.background.pc.resource.control.IconControl:20 
 /com/wmp/speed_bump/common/background/resource/icon/dark/9-media/folder.png
[INFO ] 2026-10-05 11:31:01,435 [SwingWorker-pool-2-thread-2] com.wmp.speed_bump.platform.background.pc.resource.control.IconControl:20 
 正在获取folder的对应图标
[INFO ] 2026-10-05 11:31:01,435 [SwingWorker-pool-2-thread-2] com.wmp.speed_bump.platform.background.pc.resource.control.IconControl:20 
 /com/wmp/speed_bump/common/background/resource/icon/dark/9-media/folder.png
[INFO ] 2026-10-05 11:31:01,448 [SwingWorker-pool-2-thread-2] com.wmp.speed_bump.platform.background.pc.resource.control.IconControl:20 
 正在获取folder的对应图标
[INFO ] 2026-10-05 11:31:01,449 [SwingWorker-pool-2-thread-2] com.wmp.speed_bump.platform.background.pc.resource.control.IconControl:20 
 /com/wmp/speed_bump/common/background/resource/icon/dark/9-media/folder.png
[INFO ] 2026-10-05 11:31:04,249 [SwingWorker-pool-2-thread-2] com.wmp.speed_bump.platform.background.pc.resource.control.IconControl:20 
 正在获取folder的对应图标
[INFO ] 2026-10-05 11:31:04,250 [SwingWorker-pool-2-thread-2] com.wmp.speed_bump.platform.background.pc.resource.control.IconControl:20 
 /com/wmp/speed_bump/common/background/resource/icon/dark/9-media/folder.png
[INFO ] 2026-10-05 11:31:04,258 [SwingWorker-pool-2-thread-2] com.wmp.speed_bump.platform.background.pc.resource.control.IconControl:20 
 正在获取folder的对应图标
[INFO ] 2026-10-05 11:31:04,259 [SwingWorker-pool-2-thread-2] com.wmp.speed_bump.platform.background.pc.resource.control.IconControl:20 
 /com/wmp/speed_bump/common/background/resource/icon/dark/9-media/folder.png
[INFO ] 2026-10-05 11:31:04,262 [SwingWorker-pool-2-thread-2] com.wmp.speed_bump.platform.background.pc.resource.control.IconControl:20 
 正在获取trash的对应图标
[INFO ] 2026-10-05 11:31:04,262 [SwingWorker-pool-2-thread-2] com.wmp.speed_bump.platform.background.pc.resource.control.IconControl:20 
 /com/wmp/speed_bump/common/background/resource/icon/dark/9-media/trash.png
[INFO ] 2026-10-05 11:31:04,268 [SwingWorker-pool-2-thread-2] com.wmp.speed_bump.platform.background.pc.resource.control.IconControl:20 
 正在获取eyedropper的对应图标
[INFO ] 2026-10-05 11:31:04,268 [SwingWorker-pool-2-thread-2] com.wmp.speed_bump.platform.background.pc.resource.control.IconControl:20 
 /com/wmp/speed_bump/common/background/resource/icon/dark/10-editing/eyedropper.png
[INFO ] 2026-10-05 11:31:04,275 [SwingWorker-pool-2-thread-2] com.wmp.speed_bump.platform.background.pc.resource.control.IconControl:20 
 正在获取refresh的对应图标
[INFO ] 2026-10-05 11:31:04,275 [SwingWorker-pool-2-thread-2] com.wmp.speed_bump.platform.background.pc.resource.control.IconControl:20 
 /com/wmp/speed_bump/common/background/resource/icon/dark/8-ui/refresh.png
[INFO ] 2026-10-05 11:31:04,278 [SwingWorker-pool-2-thread-2] com.wmp.speed_bump.platform.background.pc.resource.control.IconControl:20 
 正在获取save的对应图标
[INFO ] 2026-10-05 11:31:04,278 [SwingWorker-pool-2-thread-2] com.wmp.speed_bump.platform.background.pc.resource.control.IconControl:20 
 /com/wmp/speed_bump/common/background/resource/icon/dark/8-ui/save.png
[DEBUG] 2026-10-05 11:31:07,970 [AWT-EventQueue-0] com.wmp.downloader.tools.file.DataControl:50 
 数据保存完成
[DEBUG] 2026-10-05 11:31:07,976 [AWT-EventQueue-0] com.wmp.downloader.tools.file.DataControl:50 
 加载数据...
[DEBUG] 2026-10-05 11:31:07,978 [AWT-EventQueue-0] com.wmp.downloader.tools.file.DataControl:50 
 文本数据加载完成
[INFO ] 2026-10-05 11:31:08,316 [AWT-EventQueue-0] com.wmp.speed_bump.platform.background.pc.resource.control.IconControl:20 
 正在获取tool-kit的对应图标
[INFO ] 2026-10-05 11:31:08,316 [AWT-EventQueue-0] com.wmp.speed_bump.platform.background.pc.resource.control.IconControl:20 
 /com/wmp/speed_bump/common/background/resource/icon/dark/2-items/tool-kit.png
[INFO ] 2026-10-05 11:31:08,320 [AWT-EventQueue-0] com.wmp.speed_bump.platform.background.pc.resource.control.IconControl:20 
 正在获取statusbar.idle的对应图标
[INFO ] 2026-10-05 11:31:08,320 [AWT-EventQueue-0] com.wmp.speed_bump.platform.background.pc.resource.control.IconControl:20 
 /com/wmp/speed_bump/common/background/resource/icon/dark/10-editing/clipboard.png
[INFO ] 2026-10-05 11:31:08,324 [AWT-EventQueue-0] com.wmp.speed_bump.platform.background.pc.resource.control.IconControl:20 
 正在获取icon的对应图标
[INFO ] 2026-10-05 11:31:08,325 [AWT-EventQueue-0] com.wmp.speed_bump.platform.background.pc.resource.control.IconControl:20 
 /com/wmp/speed_bump/common/background/resource/icon/dark/icon.png
[INFO ] 2026-10-05 11:31:08,337 [AWT-EventQueue-0] com.wmp.speed_bump.platform.background.pc.resource.control.IconControl:20 
 正在获取icon的对应图标
[INFO ] 2026-10-05 11:31:08,337 [AWT-EventQueue-0] com.wmp.speed_bump.platform.background.pc.resource.control.IconControl:20 
 /com/wmp/speed_bump/common/background/resource/icon/dark/icon.png
[INFO ] 2026-10-05 11:31:08,342 [AWT-EventQueue-0] com.wmp.speed_bump.platform.background.pc.resource.control.IconControl:20 
 正在获取icon的对应图标
[INFO ] 2026-10-05 11:31:08,343 [AWT-EventQueue-0] com.wmp.speed_bump.platform.background.pc.resource.control.IconControl:20 
 /com/wmp/speed_bump/common/background/resource/icon/dark/icon.png
[INFO ] 2026-10-05 11:31:08,353 [AWT-EventQueue-0] com.wmp.speed_bump.platform.background.pc.resource.control.IconControl:20 
 正在获取icon的对应图标
[INFO ] 2026-10-05 11:31:08,354 [AWT-EventQueue-0] com.wmp.speed_bump.platform.background.pc.resource.control.IconControl:20 
 /com/wmp/speed_bump/common/background/resource/icon/dark/icon.png
[INFO ] 2026-10-05 11:31:08,358 [AWT-EventQueue-0] com.wmp.speed_bump.platform.background.pc.resource.control.IconControl:20 
 正在获取start的对应图标
[INFO ] 2026-10-05 11:31:08,359 [AWT-EventQueue-0] com.wmp.speed_bump.platform.background.pc.resource.control.IconControl:20 
 /com/wmp/speed_bump/common/background/resource/icon/dark/9-media/play.png
[INFO ] 2026-10-05 11:31:08,361 [AWT-EventQueue-0] com.wmp.speed_bump.platform.background.pc.resource.control.IconControl:20 
 正在获取pause的对应图标
[INFO ] 2026-10-05 11:31:08,362 [AWT-EventQueue-0] com.wmp.speed_bump.platform.background.pc.resource.control.IconControl:20 
 /com/wmp/speed_bump/common/background/resource/icon/dark/9-media/stop.png
[INFO ] 2026-10-05 11:31:08,364 [AWT-EventQueue-0] com.wmp.speed_bump.platform.background.pc.resource.control.IconControl:20 
 正在获取update的对应图标
[INFO ] 2026-10-05 11:31:08,364 [AWT-EventQueue-0] com.wmp.speed_bump.platform.background.pc.resource.control.IconControl:20 
 /com/wmp/speed_bump/common/background/resource/icon/dark/9-media/cloud-download.png
[INFO ] 2026-10-05 11:31:08,367 [AWT-EventQueue-0] com.wmp.speed_bump.platform.background.pc.resource.control.IconControl:20 
 正在获取settings的对应图标
[INFO ] 2026-10-05 11:31:08,367 [AWT-EventQueue-0] com.wmp.speed_bump.platform.background.pc.resource.control.IconControl:20 
 /com/wmp/speed_bump/common/background/resource/icon/dark/8-ui/settings.png
[INFO ] 2026-10-05 11:31:08,369 [AWT-EventQueue-0] com.wmp.speed_bump.platform.background.pc.resource.control.IconControl:20 
 正在获取about的对应图标
[INFO ] 2026-10-05 11:31:08,370 [AWT-EventQueue-0] com.wmp.speed_bump.platform.background.pc.resource.control.IconControl:20 
 /com/wmp/speed_bump/common/background/resource/icon/dark/8-ui/info-02.png
[INFO ] 2026-10-05 11:31:08,373 [AWT-EventQueue-0] com.wmp.speed_bump.platform.background.pc.resource.control.IconControl:20 
 正在获取power_switch的对应图标
[INFO ] 2026-10-05 11:31:08,374 [AWT-EventQueue-0] com.wmp.speed_bump.platform.background.pc.resource.control.IconControl:20 
 /com/wmp/speed_bump/common/background/resource/icon/dark/9-media/power-switch.png
[INFO ] 2026-10-05 11:31:08,376 [AWT-EventQueue-0] com.wmp.speed_bump.platform.background.pc.resource.control.IconControl:20 
 正在获取refresh的对应图标
[INFO ] 2026-10-05 11:31:08,377 [AWT-EventQueue-0] com.wmp.speed_bump.platform.background.pc.resource.control.IconControl:20 
 /com/wmp/speed_bump/common/background/resource/icon/dark/8-ui/refresh.png
[INFO ] 2026-10-05 11:31:08,381 [AWT-EventQueue-0] com.wmp.speed_bump.platform.background.pc.resource.control.IconControl:20 
 正在获取update的对应图标
[INFO ] 2026-10-05 11:31:08,382 [AWT-EventQueue-0] com.wmp.speed_bump.platform.background.pc.resource.control.IconControl:20 
 /com/wmp/speed_bump/common/background/resource/icon/dark/9-media/cloud-download.png
[INFO ] 2026-10-05 11:31:08,385 [AWT-EventQueue-0] com.wmp.speed_bump.platform.background.pc.resource.control.IconControl:20 
 正在获取power_switch的对应图标
[INFO ] 2026-10-05 11:31:08,386 [AWT-EventQueue-0] com.wmp.speed_bump.platform.background.pc.resource.control.IconControl:20 
 /com/wmp/speed_bump/common/background/resource/icon/dark/9-media/power-switch.png
[INFO ] 2026-10-05 11:31:08,390 [AWT-EventQueue-0] com.wmp.speed_bump.platform.background.pc.resource.control.IconControl:20 
 正在获取update的对应图标
[INFO ] 2026-10-05 11:31:08,391 [AWT-EventQueue-0] com.wmp.speed_bump.platform.background.pc.resource.control.IconControl:20 
 /com/wmp/speed_bump/common/background/resource/icon/dark/9-media/cloud-download.png
[INFO ] 2026-10-05 11:31:08,394 [AWT-EventQueue-0] com.wmp.speed_bump.platform.background.pc.resource.control.IconControl:20 
 正在获取question的对应图标
[INFO ] 2026-10-05 11:31:08,395 [AWT-EventQueue-0] com.wmp.speed_bump.platform.background.pc.resource.control.IconControl:20 
 /com/wmp/speed_bump/common/background/resource/icon/dark/8-ui/question-mark.png
[INFO ] 2026-10-05 11:31:08,400 [AWT-EventQueue-0] com.wmp.speed_bump.platform.background.pc.resource.control.IconControl:20 
 正在获取about的对应图标
[INFO ] 2026-10-05 11:31:08,401 [AWT-EventQueue-0] com.wmp.speed_bump.platform.background.pc.resource.control.IconControl:20 
 /com/wmp/speed_bump/common/background/resource/icon/dark/8-ui/info-02.png
[INFO ] 2026-10-05 11:31:08,403 [AWT-EventQueue-0] com.wmp.speed_bump.platform.background.pc.resource.control.IconControl:20 
 正在获取task的对应图标
[INFO ] 2026-10-05 11:31:08,404 [AWT-EventQueue-0] com.wmp.speed_bump.platform.background.pc.resource.control.IconControl:20 
 /com/wmp/speed_bump/common/background/resource/icon/dark/10-editing/clipboard.png
[INFO ] 2026-10-05 11:31:08,407 [AWT-EventQueue-0] com.wmp.speed_bump.platform.background.pc.resource.control.IconControl:20 
 正在获取settings的对应图标
[INFO ] 2026-10-05 11:31:08,408 [AWT-EventQueue-0] com.wmp.speed_bump.platform.background.pc.resource.control.IconControl:20 
 /com/wmp/speed_bump/common/background/resource/icon/dark/8-ui/settings.png
[INFO ] 2026-10-05 11:31:08,412 [AWT-EventQueue-0] com.wmp.speed_bump.platform.background.pc.resource.control.IconControl:20 
 正在获取settings的对应图标
[INFO ] 2026-10-05 11:31:08,413 [AWT-EventQueue-0] com.wmp.speed_bump.platform.background.pc.resource.control.IconControl:20 
 /com/wmp/speed_bump/common/background/resource/icon/dark/8-ui/settings.png
[INFO ] 2026-10-05 11:31:08,418 [AWT-EventQueue-0] com.wmp.speed_bump.platform.background.pc.resource.control.IconControl:20 
 正在获取plugin的对应图标
[INFO ] 2026-10-05 11:31:08,419 [AWT-EventQueue-0] com.wmp.speed_bump.platform.background.pc.resource.control.IconControl:20 
 /com/wmp/speed_bump/common/background/resource/icon/dark/8-ui/grid-add.png
[INFO ] 2026-10-05 11:31:08,425 [AWT-EventQueue-0] com.wmp.speed_bump.platform.background.pc.resource.control.IconControl:20 
 正在获取about的对应图标
[INFO ] 2026-10-05 11:31:08,425 [AWT-EventQueue-0] com.wmp.speed_bump.platform.background.pc.resource.control.IconControl:20 
 /com/wmp/speed_bump/common/background/resource/icon/dark/8-ui/info-02.png
[INFO ] 2026-10-05 11:31:08,429 [AWT-EventQueue-0] com.wmp.speed_bump.platform.background.pc.resource.control.IconControl:20 
 正在获取new的对应图标
[INFO ] 2026-10-05 11:31:08,430 [AWT-EventQueue-0] com.wmp.speed_bump.platform.background.pc.resource.control.IconControl:20 
 /com/wmp/speed_bump/common/background/resource/icon/dark/11-symbols/plus.png
[INFO ] 2026-10-05 11:31:08,433 [AWT-EventQueue-0] com.wmp.speed_bump.platform.background.pc.resource.control.IconControl:20 
 正在获取start的对应图标
[INFO ] 2026-10-05 11:31:08,434 [AWT-EventQueue-0] com.wmp.speed_bump.platform.background.pc.resource.control.IconControl:20 
 /com/wmp/speed_bump/common/background/resource/icon/dark/9-media/play.png
[INFO ] 2026-10-05 11:31:08,436 [AWT-EventQueue-0] com.wmp.speed_bump.platform.background.pc.resource.control.IconControl:20 
 正在获取pause的对应图标
[INFO ] 2026-10-05 11:31:08,437 [AWT-EventQueue-0] com.wmp.speed_bump.platform.background.pc.resource.control.IconControl:20 
 /com/wmp/speed_bump/common/background/resource/icon/dark/9-media/stop.png
[INFO ] 2026-10-05 11:31:08,439 [AWT-EventQueue-0] com.wmp.speed_bump.platform.background.pc.resource.control.IconControl:20 
 正在获取folder的对应图标
[INFO ] 2026-10-05 11:31:08,440 [AWT-EventQueue-0] com.wmp.speed_bump.platform.background.pc.resource.control.IconControl:20 
 /com/wmp/speed_bump/common/background/resource/icon/dark/9-media/folder.png
[INFO ] 2026-10-05 11:31:08,442 [AWT-EventQueue-0] com.wmp.speed_bump.platform.background.pc.resource.control.IconControl:20 
 正在获取folder的对应图标
[INFO ] 2026-10-05 11:31:08,443 [AWT-EventQueue-0] com.wmp.speed_bump.platform.background.pc.resource.control.IconControl:20 
 /com/wmp/speed_bump/common/background/resource/icon/dark/9-media/folder.png
[INFO ] 2026-10-05 11:31:08,447 [AWT-EventQueue-0] com.wmp.speed_bump.platform.background.pc.resource.control.IconControl:20 
 正在获取folder的对应图标
[INFO ] 2026-10-05 11:31:08,448 [AWT-EventQueue-0] com.wmp.speed_bump.platform.background.pc.resource.control.IconControl:20 
 /com/wmp/speed_bump/common/background/resource/icon/dark/9-media/folder.png
[INFO ] 2026-10-05 11:31:08,453 [AWT-EventQueue-0] com.wmp.speed_bump.platform.background.pc.resource.control.IconControl:20 
 正在获取folder的对应图标
[INFO ] 2026-10-05 11:31:08,453 [AWT-EventQueue-0] com.wmp.speed_bump.platform.background.pc.resource.control.IconControl:20 
 /com/wmp/speed_bump/common/background/resource/icon/dark/9-media/folder.png
[INFO ] 2026-10-05 11:31:08,456 [AWT-EventQueue-0] com.wmp.speed_bump.platform.background.pc.resource.control.IconControl:20 
 正在获取folder的对应图标
[INFO ] 2026-10-05 11:31:08,456 [AWT-EventQueue-0] com.wmp.speed_bump.platform.background.pc.resource.control.IconControl:20 
 /com/wmp/speed_bump/common/background/resource/icon/dark/9-media/folder.png
[INFO ] 2026-10-05 11:31:08,459 [AWT-EventQueue-0] com.wmp.speed_bump.platform.background.pc.resource.control.IconControl:20 
 正在获取trash的对应图标
[INFO ] 2026-10-05 11:31:08,459 [AWT-EventQueue-0] com.wmp.speed_bump.platform.background.pc.resource.control.IconControl:20 
 /com/wmp/speed_bump/common/background/resource/icon/dark/9-media/trash.png
[INFO ] 2026-10-05 11:31:08,463 [AWT-EventQueue-0] com.wmp.speed_bump.platform.background.pc.resource.control.IconControl:20 
 正在获取eyedropper的对应图标
[INFO ] 2026-10-05 11:31:08,464 [AWT-EventQueue-0] com.wmp.speed_bump.platform.background.pc.resource.control.IconControl:20 
 /com/wmp/speed_bump/common/background/resource/icon/dark/10-editing/eyedropper.png
[INFO ] 2026-10-05 11:31:08,466 [AWT-EventQueue-0] com.wmp.speed_bump.platform.background.pc.resource.control.IconControl:20 
 正在获取refresh的对应图标
[INFO ] 2026-10-05 11:31:08,467 [AWT-EventQueue-0] com.wmp.speed_bump.platform.background.pc.resource.control.IconControl:20 
 /com/wmp/speed_bump/common/background/resource/icon/dark/8-ui/refresh.png
[INFO ] 2026-10-05 11:31:08,470 [AWT-EventQueue-0] com.wmp.speed_bump.platform.background.pc.resource.control.IconControl:20 
 正在获取save的对应图标
[INFO ] 2026-10-05 11:31:08,470 [AWT-EventQueue-0] com.wmp.speed_bump.platform.background.pc.resource.control.IconControl:20 
 /com/wmp/speed_bump/common/background/resource/icon/dark/8-ui/save.png
[INFO ] 2026-10-05 11:31:08,472 [AWT-EventQueue-0] com.wmp.speed_bump.platform.background.pc.resource.control.IconControl:20 
 正在获取error的对应图标
[INFO ] 2026-10-05 11:31:08,473 [AWT-EventQueue-0] com.wmp.speed_bump.platform.background.pc.resource.control.IconControl:20 
 /com/wmp/speed_bump/common/background/resource/icon/dark/8-ui/prohibited.png
[INFO ] 2026-10-05 11:31:08,475 [AWT-EventQueue-0] com.wmp.speed_bump.platform.background.pc.resource.control.IconControl:20 
 正在获取info的对应图标
[INFO ] 2026-10-05 11:31:08,476 [AWT-EventQueue-0] com.wmp.speed_bump.platform.background.pc.resource.control.IconControl:20 
 /com/wmp/speed_bump/common/background/resource/icon/dark/8-ui/info-02.png
[INFO ] 2026-10-05 11:31:08,479 [AWT-EventQueue-0] com.wmp.speed_bump.platform.background.pc.resource.control.IconControl:20 
 正在获取warn的对应图标
[INFO ] 2026-10-05 11:31:08,480 [AWT-EventQueue-0] com.wmp.speed_bump.platform.background.pc.resource.control.IconControl:20 
 /com/wmp/speed_bump/common/background/resource/icon/dark/8-ui/exclamation-02.png
[INFO ] 2026-10-05 11:31:08,483 [AWT-EventQueue-0] com.wmp.speed_bump.platform.background.pc.resource.control.IconControl:20 
 正在获取question的对应图标
[INFO ] 2026-10-05 11:31:08,483 [AWT-EventQueue-0] com.wmp.speed_bump.platform.background.pc.resource.control.IconControl:20 
 /com/wmp/speed_bump/common/background/resource/icon/dark/8-ui/question-mark.png
[INFO ] 2026-10-05 11:31:09,763 [AWT-EventQueue-0] com.wmp.downloader.ui.Downloader:20 
 正在加载：com.wmp.downloader.ui.Downloader$$Lambda/0x000000003631dc80@232a155
[INFO ] 2026-10-05 11:31:11,402 [SwingWorker-pool-2-thread-3] com.wmp.packagetool.PackageToolSettings:670 
 「打包工具」尚未保存过预设，将使用默认值。预设文件将保存到：E:\Users\21348\.speed-bump\Data\PackageTool\package.info
[DEBUG] 2026-10-05 11:31:11,411 [SwingWorker-pool-2-thread-3] com.wmp.downloader.tools.file.DataControl:50 
 数据保存完成
[DEBUG] 2026-10-05 11:31:11,415 [SwingWorker-pool-2-thread-3] com.wmp.downloader.tools.file.DataControl:50 
 加载数据...
[DEBUG] 2026-10-05 11:31:11,416 [SwingWorker-pool-2-thread-3] com.wmp.downloader.tools.file.DataControl:50 
 文本数据加载完成
[DEBUG] 2026-10-05 11:31:11,485 [SwingWorker-pool-2-thread-3] com.wmp.downloader.tools.file.DataControl:50 
 数据保存完成
[DEBUG] 2026-10-05 11:31:11,491 [SwingWorker-pool-2-thread-3] com.wmp.downloader.tools.file.DataControl:50 
 加载数据...
[DEBUG] 2026-10-05 11:31:11,492 [SwingWorker-pool-2-thread-3] com.wmp.downloader.tools.file.DataControl:50 
 文本数据加载完成
[INFO ] 2026-10-05 11:31:12,836 [SwingWorker-pool-2-thread-3] com.wmp.speed_bump.platform.background.pc.resource.control.IconControl:20 
 正在获取folder的对应图标
[INFO ] 2026-10-05 11:31:12,895 [SwingWorker-pool-2-thread-3] com.wmp.speed_bump.platform.background.pc.resource.control.IconControl:20 
 /com/wmp/speed_bump/common/background/resource/icon/dark/9-media/folder.png
[INFO ] 2026-10-05 11:31:12,911 [SwingWorker-pool-2-thread-3] com.wmp.speed_bump.platform.background.pc.resource.control.IconControl:20 
 正在获取folder的对应图标
[INFO ] 2026-10-05 11:31:12,911 [SwingWorker-pool-2-thread-3] com.wmp.speed_bump.platform.background.pc.resource.control.IconControl:20 
 /com/wmp/speed_bump/common/background/resource/icon/dark/9-media/folder.png
[INFO ] 2026-10-05 11:31:12,920 [SwingWorker-pool-2-thread-3] com.wmp.speed_bump.platform.background.pc.resource.control.IconControl:20 
 正在获取link的对应图标
[INFO ] 2026-10-05 11:31:12,921 [SwingWorker-pool-2-thread-3] com.wmp.speed_bump.platform.background.pc.resource.control.IconControl:20 
 /com/wmp/speed_bump/common/background/resource/icon/dark/9-media/share.png
[DEBUG] 2026-10-05 11:42:33,013 [main] com.wmp.downloader.tools.file.DataControl:50 
 加载数据...
[DEBUG] 2026-10-05 11:42:33,520 [main] com.wmp.downloader.tools.file.DataControl:50 
 文本数据加载完成
[INFO ] 2026-10-05 11:42:39,769 [main] com.wmp.speed_bump.platform.ui.swing.UIStart:20 
 开始加载
[INFO ] 2026-10-05 11:42:43,886 [main] com.wmp.speed_bump.platform.background.pc.resource.control.IconControl:20 
 正在获取error的对应图标
[INFO ] 2026-10-05 11:42:43,887 [main] com.wmp.speed_bump.platform.background.pc.resource.control.IconControl:20 
 /com/wmp/speed_bump/common/background/resource/icon/dark/8-ui/prohibited.png
[INFO ] 2026-10-05 11:42:43,959 [main] com.wmp.speed_bump.platform.background.pc.resource.control.IconControl:20 
 正在获取info的对应图标
[INFO ] 2026-10-05 11:42:43,960 [main] com.wmp.speed_bump.platform.background.pc.resource.control.IconControl:20 
 /com/wmp/speed_bump/common/background/resource/icon/dark/8-ui/info-02.png
[INFO ] 2026-10-05 11:42:43,975 [main] com.wmp.speed_bump.platform.background.pc.resource.control.IconControl:20 
 正在获取warn的对应图标
[INFO ] 2026-10-05 11:42:43,977 [main] com.wmp.speed_bump.platform.background.pc.resource.control.IconControl:20 
 /com/wmp/speed_bump/common/background/resource/icon/dark/8-ui/exclamation-02.png
[INFO ] 2026-10-05 11:42:43,993 [main] com.wmp.speed_bump.platform.background.pc.resource.control.IconControl:20 
 正在获取question的对应图标
[INFO ] 2026-10-05 11:42:43,994 [main] com.wmp.speed_bump.platform.background.pc.resource.control.IconControl:20 
 /com/wmp/speed_bump/common/background/resource/icon/dark/8-ui/question-mark.png
[DEBUG] 2026-10-05 11:42:44,096 [main] com.wmp.downloader.tools.file.DataControl:50 
 加载数据...
[DEBUG] 2026-10-05 11:42:44,099 [main] com.wmp.downloader.tools.file.DataControl:50 
 文本数据加载完成
[INFO ] 2026-10-05 11:42:52,417 [AWT-EventQueue-0] com.wmp.speed_bump.platform.background.pc.resource.control.IconControl:20 
 正在获取error的对应图标
[INFO ] 2026-10-05 11:42:52,420 [AWT-EventQueue-0] com.wmp.speed_bump.platform.background.pc.resource.control.IconControl:20 
 /com/wmp/speed_bump/common/background/resource/icon/dark/8-ui/prohibited.png
[INFO ] 2026-10-05 11:42:52,425 [AWT-EventQueue-0] com.wmp.speed_bump.platform.background.pc.resource.control.IconControl:20 
 正在获取info的对应图标
[INFO ] 2026-10-05 11:42:52,426 [AWT-EventQueue-0] com.wmp.speed_bump.platform.background.pc.resource.control.IconControl:20 
 /com/wmp/speed_bump/common/background/resource/icon/dark/8-ui/info-02.png
[INFO ] 2026-10-05 11:42:52,433 [AWT-EventQueue-0] com.wmp.speed_bump.platform.background.pc.resource.control.IconControl:20 
 正在获取warn的对应图标
[INFO ] 2026-10-05 11:42:52,434 [AWT-EventQueue-0] com.wmp.speed_bump.platform.background.pc.resource.control.IconControl:20 
 /com/wmp/speed_bump/common/background/resource/icon/dark/8-ui/exclamation-02.png
[INFO ] 2026-10-05 11:42:52,440 [AWT-EventQueue-0] com.wmp.speed_bump.platform.background.pc.resource.control.IconControl:20 
 正在获取question的对应图标
[INFO ] 2026-10-05 11:42:52,441 [AWT-EventQueue-0] com.wmp.speed_bump.platform.background.pc.resource.control.IconControl:20 
 /com/wmp/speed_bump/common/background/resource/icon/dark/8-ui/question-mark.png
[INFO ] 2026-10-05 11:42:57,480 [AWT-EventQueue-0] com.wmp.speed_bump.platform.background.pc.resource.control.IconControl:20 
 正在获取error的对应图标
[INFO ] 2026-10-05 11:42:57,481 [AWT-EventQueue-0] com.wmp.speed_bump.platform.background.pc.resource.control.IconControl:20 
 /com/wmp/speed_bump/common/background/resource/icon/dark/8-ui/prohibited.png
[INFO ] 2026-10-05 11:42:57,498 [AWT-EventQueue-0] com.wmp.speed_bump.platform.background.pc.resource.control.IconControl:20 
 正在获取info的对应图标
[INFO ] 2026-10-05 11:42:57,500 [AWT-EventQueue-0] com.wmp.speed_bump.platform.background.pc.resource.control.IconControl:20 
 /com/wmp/speed_bump/common/background/resource/icon/dark/8-ui/info-02.png
[INFO ] 2026-10-05 11:42:57,515 [AWT-EventQueue-0] com.wmp.speed_bump.platform.background.pc.resource.control.IconControl:20 
 正在获取warn的对应图标
[INFO ] 2026-10-05 11:42:57,516 [AWT-EventQueue-0] com.wmp.speed_bump.platform.background.pc.resource.control.IconControl:20 
 /com/wmp/speed_bump/common/background/resource/icon/dark/8-ui/exclamation-02.png
[INFO ] 2026-10-05 11:42:57,527 [AWT-EventQueue-0] com.wmp.speed_bump.platform.background.pc.resource.control.IconControl:20 
 正在获取question的对应图标
[INFO ] 2026-10-05 11:42:57,528 [AWT-EventQueue-0] com.wmp.speed_bump.platform.background.pc.resource.control.IconControl:20 
 /com/wmp/speed_bump/common/background/resource/icon/dark/8-ui/question-mark.png
[INFO ] 2026-10-05 11:44:08,768 [main] com.wmp.downloader.newArchitecture.ParserTaskInfo:20 
 解析器 哔哩哔哩链接解析器 被禁用,已跳过
[INFO ] 2026-10-05 11:44:08,787 [main] com.wmp.juzi.JuziReminder:280 
 「每日金句」已加载 41 条内容。
[INFO ] 2026-10-05 11:44:08,805 [main] com.wmp.downloader.newArchitecture.ParserTaskInfo:20 
 解析器 每日金句 被禁用,已跳过
[INFO ] 2026-10-05 11:44:08,821 [main] com.wmp.downloader.newArchitecture.ParserTaskInfo:20 
 解析器 抖音分享链接解析器 被禁用,已跳过
[INFO ] 2026-10-05 11:44:08,832 [main] com.wmp.downloader.newArchitecture.ParserTaskInfo:20 
 解析器 ED2K解析器 被禁用,已跳过
[INFO ] 2026-10-05 11:44:09,079 [main] com.wmp.downloader.newArchitecture.ParserTaskInfo:20 
 解析器 图片格式转换器 被禁用,已跳过
[INFO ] 2026-10-05 11:44:09,087 [main] com.wmp.downloader.newArchitecture.ParserTaskInfo:20 
 Loaded parser: 打包工具 from PackageTool.jar
[INFO ] 2026-10-05 11:44:09,418 [main] com.wmp.windowmask.MaskWatcher:95 
 「窗口遮挡」检测线程已启动。
[INFO ] 2026-10-05 11:44:09,419 [main] com.wmp.downloader.newArchitecture.ParserTaskInfo:20 
 解析器 窗口遮挡 被禁用,已跳过
[INFO ] 2026-10-05 11:44:09,980 [main] com.wmp.speed_bump.platform.background.pc.resource.control.IconControl:20 
 正在获取tool-kit的对应图标
[INFO ] 2026-10-05 11:44:09,980 [main] com.wmp.speed_bump.platform.background.pc.resource.control.IconControl:20 
 /com/wmp/speed_bump/common/background/resource/icon/dark/2-items/tool-kit.png
[INFO ] 2026-10-05 11:44:09,998 [main] com.wmp.speed_bump.platform.background.pc.resource.control.IconControl:20 
 正在获取statusbar.idle的对应图标
[INFO ] 2026-10-05 11:44:10,000 [main] com.wmp.speed_bump.platform.background.pc.resource.control.IconControl:20 
 /com/wmp/speed_bump/common/background/resource/icon/dark/10-editing/clipboard.png
[INFO ] 2026-10-05 11:44:10,163 [main] com.wmp.speed_bump.platform.background.pc.resource.control.IconControl:20 
 正在获取statusbar.idle的对应图标
[INFO ] 2026-10-05 11:44:10,164 [main] com.wmp.speed_bump.platform.background.pc.resource.control.IconControl:20 
 /com/wmp/speed_bump/common/background/resource/icon/dark/10-editing/clipboard.png
[INFO ] 2026-10-05 11:44:10,192 [main] com.wmp.speed_bump.platform.background.pc.resource.control.IconControl:20 
 正在获取icon的对应图标
[INFO ] 2026-10-05 11:44:10,196 [main] com.wmp.speed_bump.platform.background.pc.resource.control.IconControl:20 
 /com/wmp/speed_bump/common/background/resource/icon/dark/icon.png
[INFO ] 2026-10-05 11:44:10,469 [main] com.wmp.speed_bump.platform.background.pc.resource.control.IconControl:20 
 正在获取download的对应图标
[INFO ] 2026-10-05 11:44:10,472 [main] com.wmp.speed_bump.platform.background.pc.resource.control.IconControl:20 
 /com/wmp/speed_bump/common/background/resource/icon/dark/9-media/download.png
[INFO ] 2026-10-05 11:44:10,497 [main] com.wmp.speed_bump.platform.background.pc.resource.control.IconControl:20 
 正在获取icon的对应图标
[INFO ] 2026-10-05 11:44:10,498 [main] com.wmp.speed_bump.platform.background.pc.resource.control.IconControl:20 
 /com/wmp/speed_bump/common/background/resource/icon/dark/icon.png
[INFO ] 2026-10-05 11:44:10,526 [main] com.wmp.speed_bump.platform.background.pc.resource.control.IconControl:20 
 正在获取icon的对应图标
[INFO ] 2026-10-05 11:44:10,529 [main] com.wmp.speed_bump.platform.background.pc.resource.control.IconControl:20 
 /com/wmp/speed_bump/common/background/resource/icon/dark/icon.png
[INFO ] 2026-10-05 11:44:10,688 [main] com.wmp.speed_bump.platform.background.pc.resource.control.IconControl:20 
 正在获取icon的对应图标
[INFO ] 2026-10-05 11:44:10,689 [main] com.wmp.speed_bump.platform.background.pc.resource.control.IconControl:20 
 /com/wmp/speed_bump/common/background/resource/icon/dark/icon.png
[INFO ] 2026-10-05 11:44:10,828 [main] com.wmp.speed_bump.platform.background.pc.resource.control.IconControl:20 
 正在获取start的对应图标
[INFO ] 2026-10-05 11:44:10,829 [main] com.wmp.speed_bump.platform.background.pc.resource.control.IconControl:20 
 /com/wmp/speed_bump/common/background/resource/icon/dark/9-media/play.png
[INFO ] 2026-10-05 11:44:10,887 [main] com.wmp.speed_bump.platform.background.pc.resource.control.IconControl:20 
 正在获取pause的对应图标
[INFO ] 2026-10-05 11:44:10,888 [main] com.wmp.speed_bump.platform.background.pc.resource.control.IconControl:20 
 /com/wmp/speed_bump/common/background/resource/icon/dark/9-media/stop.png
[INFO ] 2026-10-05 11:44:10,897 [daily-juzi-worker] com.wmp.juzi.JuziReminder:116 
 「每日金句」轮询线程已就绪。
[DEBUG] 2026-10-05 11:44:10,965 [daily-juzi-worker] com.wmp.juzi.JuziReminder:128 
 「每日金句」已切换到新的一天：2026-10-05
[INFO ] 2026-10-05 11:44:10,988 [main] com.wmp.speed_bump.platform.background.pc.resource.control.IconControl:20 
 正在获取update的对应图标
[INFO ] 2026-10-05 11:44:10,990 [main] com.wmp.speed_bump.platform.background.pc.resource.control.IconControl:20 
 /com/wmp/speed_bump/common/background/resource/icon/dark/9-media/cloud-download.png
[INFO ] 2026-10-05 11:44:11,067 [main] com.wmp.speed_bump.platform.background.pc.resource.control.IconControl:20 
 正在获取settings的对应图标
[INFO ] 2026-10-05 11:44:11,068 [main] com.wmp.speed_bump.platform.background.pc.resource.control.IconControl:20 
 /com/wmp/speed_bump/common/background/resource/icon/dark/8-ui/settings.png
[INFO ] 2026-10-05 11:44:11,092 [main] com.wmp.speed_bump.platform.background.pc.resource.control.IconControl:20 
 正在获取about的对应图标
[INFO ] 2026-10-05 11:44:11,093 [main] com.wmp.speed_bump.platform.background.pc.resource.control.IconControl:20 
 /com/wmp/speed_bump/common/background/resource/icon/dark/8-ui/info-02.png
[INFO ] 2026-10-05 11:44:11,100 [main] com.wmp.speed_bump.platform.background.pc.resource.control.IconControl:20 
 正在获取power_switch的对应图标
[INFO ] 2026-10-05 11:44:11,100 [main] com.wmp.speed_bump.platform.background.pc.resource.control.IconControl:20 
 /com/wmp/speed_bump/common/background/resource/icon/dark/9-media/power-switch.png
[INFO ] 2026-10-05 11:44:11,127 [main] com.wmp.speed_bump.platform.background.pc.resource.control.IconControl:20 
 正在获取icon的对应图标
[INFO ] 2026-10-05 11:44:11,129 [main] com.wmp.speed_bump.platform.background.pc.resource.control.IconControl:20 
 /com/wmp/speed_bump/common/background/resource/icon/dark/icon.png
[INFO ] 2026-10-05 11:44:11,141 [main] com.wmp.speed_bump.platform.background.pc.resource.control.IconControl:20 
 正在获取icon的对应图标
[INFO ] 2026-10-05 11:44:11,143 [main] com.wmp.speed_bump.platform.background.pc.resource.control.IconControl:20 
 /com/wmp/speed_bump/common/background/resource/icon/dark/icon.png
[INFO ] 2026-10-05 11:44:11,153 [main] com.wmp.speed_bump.platform.background.pc.resource.control.IconControl:20 
 正在获取start的对应图标
[INFO ] 2026-10-05 11:44:11,153 [main] com.wmp.speed_bump.platform.background.pc.resource.control.IconControl:20 
 /com/wmp/speed_bump/common/background/resource/icon/dark/9-media/play.png
[INFO ] 2026-10-05 11:44:11,160 [main] com.wmp.speed_bump.platform.background.pc.resource.control.IconControl:20 
 正在获取pause的对应图标
[INFO ] 2026-10-05 11:44:12,008 [main] com.wmp.speed_bump.platform.background.pc.resource.control.IconControl:20 
 /com/wmp/speed_bump/common/background/resource/icon/dark/9-media/stop.png
[INFO ] 2026-10-05 11:44:12,011 [main] com.wmp.speed_bump.platform.background.pc.resource.control.IconControl:20 
 正在获取update的对应图标
[INFO ] 2026-10-05 11:44:12,012 [main] com.wmp.speed_bump.platform.background.pc.resource.control.IconControl:20 
 /com/wmp/speed_bump/common/background/resource/icon/dark/9-media/cloud-download.png
[INFO ] 2026-10-05 11:44:12,016 [main] com.wmp.speed_bump.platform.background.pc.resource.control.IconControl:20 
 正在获取settings的对应图标
[INFO ] 2026-10-05 11:44:12,017 [main] com.wmp.speed_bump.platform.background.pc.resource.control.IconControl:20 
 /com/wmp/speed_bump/common/background/resource/icon/dark/8-ui/settings.png
[INFO ] 2026-10-05 11:44:12,022 [main] com.wmp.speed_bump.platform.background.pc.resource.control.IconControl:20 
 正在获取about的对应图标
[INFO ] 2026-10-05 11:44:12,041 [main] com.wmp.speed_bump.platform.background.pc.resource.control.IconControl:20 
 /com/wmp/speed_bump/common/background/resource/icon/dark/8-ui/info-02.png
[INFO ] 2026-10-05 11:44:12,045 [main] com.wmp.speed_bump.platform.background.pc.resource.control.IconControl:20 
 正在获取power_switch的对应图标
[INFO ] 2026-10-05 11:44:12,046 [main] com.wmp.speed_bump.platform.background.pc.resource.control.IconControl:20 
 /com/wmp/speed_bump/common/background/resource/icon/dark/9-media/power-switch.png
[INFO ] 2026-10-05 11:44:12,261 [main] com.wmp.speed_bump.platform.background.pc.resource.control.IconControl:20 
 正在获取refresh的对应图标
[INFO ] 2026-10-05 11:44:12,261 [main] com.wmp.speed_bump.platform.background.pc.resource.control.IconControl:20 
 /com/wmp/speed_bump/common/background/resource/icon/dark/8-ui/refresh.png
[INFO ] 2026-10-05 11:44:12,275 [main] com.wmp.speed_bump.platform.background.pc.resource.control.IconControl:20 
 正在获取update的对应图标
[INFO ] 2026-10-05 11:44:12,276 [main] com.wmp.speed_bump.platform.background.pc.resource.control.IconControl:20 
 /com/wmp/speed_bump/common/background/resource/icon/dark/9-media/cloud-download.png
[INFO ] 2026-10-05 11:44:12,719 [main] com.wmp.speed_bump.platform.background.pc.resource.control.IconControl:20 
 正在获取power_switch的对应图标
[INFO ] 2026-10-05 11:44:12,720 [main] com.wmp.speed_bump.platform.background.pc.resource.control.IconControl:20 
 /com/wmp/speed_bump/common/background/resource/icon/dark/9-media/power-switch.png
[INFO ] 2026-10-05 11:44:12,727 [main] com.wmp.speed_bump.platform.background.pc.resource.control.IconControl:20 
 正在获取update的对应图标
[INFO ] 2026-10-05 11:44:12,728 [main] com.wmp.speed_bump.platform.background.pc.resource.control.IconControl:20 
 /com/wmp/speed_bump/common/background/resource/icon/dark/9-media/cloud-download.png
[INFO ] 2026-10-05 11:44:12,737 [main] com.wmp.speed_bump.platform.background.pc.resource.control.IconControl:20 
 正在获取question的对应图标
[INFO ] 2026-10-05 11:44:12,738 [main] com.wmp.speed_bump.platform.background.pc.resource.control.IconControl:20 
 /com/wmp/speed_bump/common/background/resource/icon/dark/8-ui/question-mark.png
[INFO ] 2026-10-05 11:44:12,749 [main] com.wmp.speed_bump.platform.background.pc.resource.control.IconControl:20 
 正在获取about的对应图标
[INFO ] 2026-10-05 11:44:12,749 [main] com.wmp.speed_bump.platform.background.pc.resource.control.IconControl:20 
 /com/wmp/speed_bump/common/background/resource/icon/dark/8-ui/info-02.png
[INFO ] 2026-10-05 11:44:12,755 [main] com.wmp.speed_bump.platform.background.pc.resource.control.IconControl:20 
 正在获取task的对应图标
[INFO ] 2026-10-05 11:44:12,755 [main] com.wmp.speed_bump.platform.background.pc.resource.control.IconControl:20 
 /com/wmp/speed_bump/common/background/resource/icon/dark/10-editing/clipboard.png
[INFO ] 2026-10-05 11:44:12,758 [main] com.wmp.speed_bump.platform.background.pc.resource.control.IconControl:20 
 正在获取settings的对应图标
[INFO ] 2026-10-05 11:44:12,759 [main] com.wmp.speed_bump.platform.background.pc.resource.control.IconControl:20 
 /com/wmp/speed_bump/common/background/resource/icon/dark/8-ui/settings.png
[INFO ] 2026-10-05 11:44:12,764 [main] com.wmp.speed_bump.platform.background.pc.resource.control.IconControl:20 
 正在获取settings的对应图标
[INFO ] 2026-10-05 11:44:12,765 [main] com.wmp.speed_bump.platform.background.pc.resource.control.IconControl:20 
 /com/wmp/speed_bump/common/background/resource/icon/dark/8-ui/settings.png
[INFO ] 2026-10-05 11:44:12,770 [main] com.wmp.speed_bump.platform.background.pc.resource.control.IconControl:20 
 正在获取plugin的对应图标
[INFO ] 2026-10-05 11:44:12,770 [main] com.wmp.speed_bump.platform.background.pc.resource.control.IconControl:20 
 /com/wmp/speed_bump/common/background/resource/icon/dark/8-ui/grid-add.png
[INFO ] 2026-10-05 11:44:12,775 [main] com.wmp.speed_bump.platform.background.pc.resource.control.IconControl:20 
 正在获取about的对应图标
[INFO ] 2026-10-05 11:44:12,775 [main] com.wmp.speed_bump.platform.background.pc.resource.control.IconControl:20 
 /com/wmp/speed_bump/common/background/resource/icon/dark/8-ui/info-02.png
[INFO ] 2026-10-05 11:44:13,221 [main] com.wmp.downloader.ui.Downloader:20 
 选中项在注册监听器时已就绪，立即执行懒加载
[INFO ] 2026-10-05 11:44:13,231 [main] com.wmp.downloader.ui.Downloader:20 
 正在加载：com.wmp.downloader.ui.Downloader$$Lambda/0x000000002f328448@2f9a01c1
[INFO ] 2026-10-05 11:44:13,252 [SwingWorker-pool-2-thread-1] com.wmp.speed_bump.platform.background.pc.resource.control.IconControl:20 
 正在获取new的对应图标
[INFO ] 2026-10-05 11:44:13,253 [SwingWorker-pool-2-thread-1] com.wmp.speed_bump.platform.background.pc.resource.control.IconControl:20 
 /com/wmp/speed_bump/common/background/resource/icon/dark/11-symbols/plus.png
[INFO ] 2026-10-05 11:44:13,360 [SwingWorker-pool-2-thread-1] com.wmp.speed_bump.platform.background.pc.resource.control.IconControl:20 
 正在获取start的对应图标
[INFO ] 2026-10-05 11:44:13,361 [SwingWorker-pool-2-thread-1] com.wmp.speed_bump.platform.background.pc.resource.control.IconControl:20 
 /com/wmp/speed_bump/common/background/resource/icon/dark/9-media/play.png
[INFO ] 2026-10-05 11:44:13,666 [SwingWorker-pool-2-thread-1] com.wmp.speed_bump.platform.background.pc.resource.control.IconControl:20 
 正在获取pause的对应图标
[INFO ] 2026-10-05 11:44:13,667 [SwingWorker-pool-2-thread-1] com.wmp.speed_bump.platform.background.pc.resource.control.IconControl:20 
 /com/wmp/speed_bump/common/background/resource/icon/dark/9-media/stop.png
[INFO ] 2026-10-05 11:44:15,345 [main] com.wmp.speed_bump.platform.background.pc.resource.control.IconControl:20 
 正在获取tool-kit的对应图标
[INFO ] 2026-10-05 11:44:15,347 [main] com.wmp.speed_bump.platform.background.pc.resource.control.IconControl:20 
 /com/wmp/speed_bump/common/background/resource/icon/dark/2-items/tool-kit.png
[INFO ] 2026-10-05 11:44:15,354 [main] com.wmp.speed_bump.platform.background.pc.resource.control.IconControl:20 
 正在获取statusbar.idle的对应图标
[INFO ] 2026-10-05 11:44:15,355 [main] com.wmp.speed_bump.platform.background.pc.resource.control.IconControl:20 
 /com/wmp/speed_bump/common/background/resource/icon/dark/10-editing/clipboard.png
[INFO ] 2026-10-05 11:44:15,359 [main] com.wmp.speed_bump.platform.background.pc.resource.control.IconControl:20 
 正在获取icon的对应图标
[INFO ] 2026-10-05 11:44:15,360 [main] com.wmp.speed_bump.platform.background.pc.resource.control.IconControl:20 
 /com/wmp/speed_bump/common/background/resource/icon/dark/icon.png
[INFO ] 2026-10-05 11:44:15,374 [main] com.wmp.speed_bump.platform.background.pc.resource.control.IconControl:20 
 正在获取icon的对应图标
[INFO ] 2026-10-05 11:44:15,375 [main] com.wmp.speed_bump.platform.background.pc.resource.control.IconControl:20 
 /com/wmp/speed_bump/common/background/resource/icon/dark/icon.png
[INFO ] 2026-10-05 11:44:15,379 [main] com.wmp.speed_bump.platform.background.pc.resource.control.IconControl:20 
 正在获取icon的对应图标
[INFO ] 2026-10-05 11:44:15,380 [main] com.wmp.speed_bump.platform.background.pc.resource.control.IconControl:20 
 /com/wmp/speed_bump/common/background/resource/icon/dark/icon.png
[INFO ] 2026-10-05 11:44:15,388 [main] com.wmp.speed_bump.platform.background.pc.resource.control.IconControl:20 
 正在获取icon的对应图标
[INFO ] 2026-10-05 11:44:15,388 [main] com.wmp.speed_bump.platform.background.pc.resource.control.IconControl:20 
 /com/wmp/speed_bump/common/background/resource/icon/dark/icon.png
[INFO ] 2026-10-05 11:44:15,397 [main] com.wmp.speed_bump.platform.background.pc.resource.control.IconControl:20 
 正在获取start的对应图标
[INFO ] 2026-10-05 11:44:15,398 [main] com.wmp.speed_bump.platform.background.pc.resource.control.IconControl:20 
 /com/wmp/speed_bump/common/background/resource/icon/dark/9-media/play.png
[INFO ] 2026-10-05 11:44:15,405 [main] com.wmp.speed_bump.platform.background.pc.resource.control.IconControl:20 
 正在获取pause的对应图标
[INFO ] 2026-10-05 11:44:15,405 [main] com.wmp.speed_bump.platform.background.pc.resource.control.IconControl:20 
 /com/wmp/speed_bump/common/background/resource/icon/dark/9-media/stop.png
[INFO ] 2026-10-05 11:44:15,408 [main] com.wmp.speed_bump.platform.background.pc.resource.control.IconControl:20 
 正在获取update的对应图标
[INFO ] 2026-10-05 11:44:15,409 [main] com.wmp.speed_bump.platform.background.pc.resource.control.IconControl:20 
 /com/wmp/speed_bump/common/background/resource/icon/dark/9-media/cloud-download.png
[INFO ] 2026-10-05 11:44:15,418 [main] com.wmp.speed_bump.platform.background.pc.resource.control.IconControl:20 
 正在获取settings的对应图标
[INFO ] 2026-10-05 11:44:15,419 [main] com.wmp.speed_bump.platform.background.pc.resource.control.IconControl:20 
 /com/wmp/speed_bump/common/background/resource/icon/dark/8-ui/settings.png
[INFO ] 2026-10-05 11:44:15,422 [main] com.wmp.speed_bump.platform.background.pc.resource.control.IconControl:20 
 正在获取about的对应图标
[INFO ] 2026-10-05 11:44:15,422 [main] com.wmp.speed_bump.platform.background.pc.resource.control.IconControl:20 
 /com/wmp/speed_bump/common/background/resource/icon/dark/8-ui/info-02.png
[INFO ] 2026-10-05 11:44:15,429 [main] com.wmp.speed_bump.platform.background.pc.resource.control.IconControl:20 
 正在获取power_switch的对应图标
[INFO ] 2026-10-05 11:44:15,429 [main] com.wmp.speed_bump.platform.background.pc.resource.control.IconControl:20 
 /com/wmp/speed_bump/common/background/resource/icon/dark/9-media/power-switch.png
[INFO ] 2026-10-05 11:44:15,434 [main] com.wmp.speed_bump.platform.background.pc.resource.control.IconControl:20 
 正在获取refresh的对应图标
[INFO ] 2026-10-05 11:44:15,435 [main] com.wmp.speed_bump.platform.background.pc.resource.control.IconControl:20 
 /com/wmp/speed_bump/common/background/resource/icon/dark/8-ui/refresh.png
[INFO ] 2026-10-05 11:44:15,439 [main] com.wmp.speed_bump.platform.background.pc.resource.control.IconControl:20 
 正在获取update的对应图标
[INFO ] 2026-10-05 11:44:15,440 [main] com.wmp.speed_bump.platform.background.pc.resource.control.IconControl:20 
 /com/wmp/speed_bump/common/background/resource/icon/dark/9-media/cloud-download.png
[INFO ] 2026-10-05 11:44:15,444 [main] com.wmp.speed_bump.platform.background.pc.resource.control.IconControl:20 
 正在获取power_switch的对应图标
[INFO ] 2026-10-05 11:44:15,445 [main] com.wmp.speed_bump.platform.background.pc.resource.control.IconControl:20 
 /com/wmp/speed_bump/common/background/resource/icon/dark/9-media/power-switch.png
[INFO ] 2026-10-05 11:44:15,449 [main] com.wmp.speed_bump.platform.background.pc.resource.control.IconControl:20 
 正在获取update的对应图标
[INFO ] 2026-10-05 11:44:15,450 [main] com.wmp.speed_bump.platform.background.pc.resource.control.IconControl:20 
 /com/wmp/speed_bump/common/background/resource/icon/dark/9-media/cloud-download.png
[INFO ] 2026-10-05 11:44:15,452 [main] com.wmp.speed_bump.platform.background.pc.resource.control.IconControl:20 
 正在获取question的对应图标
[INFO ] 2026-10-05 11:44:15,453 [main] com.wmp.speed_bump.platform.background.pc.resource.control.IconControl:20 
 /com/wmp/speed_bump/common/background/resource/icon/dark/8-ui/question-mark.png
[INFO ] 2026-10-05 11:44:15,458 [main] com.wmp.speed_bump.platform.background.pc.resource.control.IconControl:20 
 正在获取about的对应图标
[INFO ] 2026-10-05 11:44:15,458 [main] com.wmp.speed_bump.platform.background.pc.resource.control.IconControl:20 
 /com/wmp/speed_bump/common/background/resource/icon/dark/8-ui/info-02.png
[INFO ] 2026-10-05 11:44:15,463 [main] com.wmp.speed_bump.platform.background.pc.resource.control.IconControl:20 
 正在获取task的对应图标
[INFO ] 2026-10-05 11:44:15,463 [main] com.wmp.speed_bump.platform.background.pc.resource.control.IconControl:20 
 /com/wmp/speed_bump/common/background/resource/icon/dark/10-editing/clipboard.png
[INFO ] 2026-10-05 11:44:15,468 [main] com.wmp.speed_bump.platform.background.pc.resource.control.IconControl:20 
 正在获取settings的对应图标
[INFO ] 2026-10-05 11:44:15,468 [main] com.wmp.speed_bump.platform.background.pc.resource.control.IconControl:20 
 /com/wmp/speed_bump/common/background/resource/icon/dark/8-ui/settings.png
[INFO ] 2026-10-05 11:44:15,472 [main] com.wmp.speed_bump.platform.background.pc.resource.control.IconControl:20 
 正在获取settings的对应图标
[INFO ] 2026-10-05 11:44:15,473 [main] com.wmp.speed_bump.platform.background.pc.resource.control.IconControl:20 
 /com/wmp/speed_bump/common/background/resource/icon/dark/8-ui/settings.png
[INFO ] 2026-10-05 11:44:15,476 [main] com.wmp.speed_bump.platform.background.pc.resource.control.IconControl:20 
 正在获取plugin的对应图标
[INFO ] 2026-10-05 11:44:15,477 [main] com.wmp.speed_bump.platform.background.pc.resource.control.IconControl:20 
 /com/wmp/speed_bump/common/background/resource/icon/dark/8-ui/grid-add.png
[INFO ] 2026-10-05 11:44:15,480 [main] com.wmp.speed_bump.platform.background.pc.resource.control.IconControl:20 
 正在获取about的对应图标
[INFO ] 2026-10-05 11:44:15,480 [main] com.wmp.speed_bump.platform.background.pc.resource.control.IconControl:20 
 /com/wmp/speed_bump/common/background/resource/icon/dark/8-ui/info-02.png
[INFO ] 2026-10-05 11:44:15,483 [main] com.wmp.speed_bump.platform.background.pc.resource.control.IconControl:20 
 正在获取new的对应图标
[INFO ] 2026-10-05 11:44:15,484 [main] com.wmp.speed_bump.platform.background.pc.resource.control.IconControl:20 
 /com/wmp/speed_bump/common/background/resource/icon/dark/11-symbols/plus.png
[INFO ] 2026-10-05 11:44:15,487 [main] com.wmp.speed_bump.platform.background.pc.resource.control.IconControl:20 
 正在获取start的对应图标
[INFO ] 2026-10-05 11:44:15,487 [main] com.wmp.speed_bump.platform.background.pc.resource.control.IconControl:20 
 /com/wmp/speed_bump/common/background/resource/icon/dark/9-media/play.png
[INFO ] 2026-10-05 11:44:15,490 [main] com.wmp.speed_bump.platform.background.pc.resource.control.IconControl:20 
 正在获取pause的对应图标
[INFO ] 2026-10-05 11:44:15,490 [main] com.wmp.speed_bump.platform.background.pc.resource.control.IconControl:20 
 /com/wmp/speed_bump/common/background/resource/icon/dark/9-media/stop.png
[INFO ] 2026-10-05 11:44:15,494 [main] com.wmp.speed_bump.platform.background.pc.resource.control.IconControl:20 
 正在获取error的对应图标
[INFO ] 2026-10-05 11:44:15,495 [main] com.wmp.speed_bump.platform.background.pc.resource.control.IconControl:20 
 /com/wmp/speed_bump/common/background/resource/icon/dark/8-ui/prohibited.png
[INFO ] 2026-10-05 11:44:15,498 [main] com.wmp.speed_bump.platform.background.pc.resource.control.IconControl:20 
 正在获取info的对应图标
[INFO ] 2026-10-05 11:44:15,499 [main] com.wmp.speed_bump.platform.background.pc.resource.control.IconControl:20 
 /com/wmp/speed_bump/common/background/resource/icon/dark/8-ui/info-02.png
[INFO ] 2026-10-05 11:44:15,503 [main] com.wmp.speed_bump.platform.background.pc.resource.control.IconControl:20 
 正在获取warn的对应图标
[INFO ] 2026-10-05 11:44:15,503 [main] com.wmp.speed_bump.platform.background.pc.resource.control.IconControl:20 
 /com/wmp/speed_bump/common/background/resource/icon/dark/8-ui/exclamation-02.png
[INFO ] 2026-10-05 11:44:15,505 [main] com.wmp.speed_bump.platform.background.pc.resource.control.IconControl:20 
 正在获取question的对应图标
[INFO ] 2026-10-05 11:44:15,506 [main] com.wmp.speed_bump.platform.background.pc.resource.control.IconControl:20 
 /com/wmp/speed_bump/common/background/resource/icon/dark/8-ui/question-mark.png
[INFO ] 2026-10-05 11:44:16,798 [AWT-EventQueue-0] com.wmp.downloader.ui.Downloader:20 
 窗口已显示
[ERROR] 2026-10-05 11:44:17,096 [AWT-EventQueue-0] com.wmp.downloader.tools.update.GetUpdateInfo:35 
 网络数据获取失败
java.net.ConnectException: Connection refused: getsockopt
	at java.base/sun.nio.ch.Net.pollConnect(Native Method)
	at java.base/sun.nio.ch.Net.pollConnectNow(Net.java:639)
	at java.base/sun.nio.ch.NioSocketImpl.timedFinishConnect(NioSocketImpl.java:543)
	at java.base/sun.nio.ch.NioSocketImpl.connect(NioSocketImpl.java:594)
	at java.base/java.net.SocksSocketImpl.connect(SocksSocketImpl.java:284)
	at java.base/java.net.Socket.connect(Socket.java:659)
	at java.base/sun.security.ssl.SSLSocketImpl.connect(SSLSocketImpl.java:304)
	at java.base/sun.net.NetworkClient.doConnect(NetworkClient.java:161)
	at java.base/sun.net.www.http.HttpClient.openServer(HttpClient.java:524)
	at java.base/sun.net.www.http.HttpClient.openServer(HttpClient.java:612)
	at java.base/sun.net.www.protocol.https.HttpsClient.<init>(HttpsClient.java:207)
	at java.base/sun.net.www.protocol.https.HttpsClient.New(HttpsClient.java:289)
	at java.base/sun.net.www.protocol.https.AbstractDelegateHttpsURLConnection.getNewHttpClient(AbstractDelegateHttpsURLConnection.java:196)
	at java.base/sun.net.www.protocol.http.HttpURLConnection.plainConnect0(HttpURLConnection.java:966)
	at java.base/sun.net.www.protocol.http.HttpURLConnection.plainConnect(HttpURLConnection.java:902)
	at java.base/sun.net.www.protocol.http.HttpURLConnection.connect(HttpURLConnection.java:875)
	at java.base/sun.net.www.protocol.https.AbstractDelegateHttpsURLConnection.connect(AbstractDelegateHttpsURLConnection.java:181)
	at java.base/sun.net.www.protocol.https.HttpsURLConnectionImpl.connect(HttpsURLConnectionImpl.java:141)
	at org.jsoup.helper.HttpConnection$Response.execute(HttpConnection.java:859)
	at org.jsoup.helper.HttpConnection$Response.execute(HttpConnection.java:829)
	at org.jsoup.helper.HttpConnection.execute(HttpConnection.java:366)
	at com.wmp.downloader.tools.update.GetUpdateInfo.getUpdateInfo(GetUpdateInfo.java:46)
	at com.wmp.downloader.tools.update.GetUpdateInfo.getUpdateInfo(GetUpdateInfo.java:32)
	at com.wmp.downloader.ui.Downloader.checkUpdate(Downloader.java:1043)
	at com.wmp.downloader.ui.Downloader.windowOpened(Downloader.java:1514)
	at java.desktop/java.awt.AWTEventMulticaster.windowOpened(AWTEventMulticaster.java:349)
	at java.desktop/java.awt.Window.processWindowEvent(Window.java:1992)
	at java.desktop/javax.swing.JFrame.processWindowEvent(JFrame.java:298)
	at java.desktop/java.awt.Window.processEvent(Window.java:1954)
	at java.desktop/java.awt.Component.dispatchEventImpl(Component.java:4958)
	at java.desktop/java.awt.Container.dispatchEventImpl(Container.java:2318)
	at java.desktop/java.awt.Window.dispatchEventImpl(Window.java:2671)
	at java.desktop/java.awt.Component.dispatchEvent(Component.java:4790)
	at java.desktop/java.awt.EventQueue.dispatchEventImpl(EventQueue.java:725)
	at java.desktop/java.awt.EventQueue.dispatchEvent(EventQueue.java:702)
	at java.desktop/java.awt.EventDispatchThread.pumpOneEventForFilters(EventDispatchThread.java:203)
	at java.desktop/java.awt.EventDispatchThread.pumpEventsForFilter(EventDispatchThread.java:124)
	at java.desktop/java.awt.EventDispatchThread.pumpEventsForHierarchy(EventDispatchThread.java:113)
	at java.desktop/java.awt.EventDispatchThread.pumpEvents(EventDispatchThread.java:109)
	at java.desktop/java.awt.EventDispatchThread.pumpEvents(EventDispatchThread.java:101)
	at java.desktop/java.awt.EventDispatchThread.run(EventDispatchThread.java:90)
[INFO ] 2026-10-05 11:44:25,495 [AWT-EventQueue-0] com.wmp.downloader.ui.Downloader:20 
 正在加载：com.wmp.downloader.ui.Downloader$$Lambda/0x000000002f328ad8@25fdd008
[INFO ] 2026-10-05 11:44:25,871 [SwingWorker-pool-2-thread-2] com.wmp.packagetool.PackageToolSettings:670 
 「打包工具」尚未保存过预设，将使用默认值。预设文件将保存到：E:\Users\21348\.speed-bump\Data\PackageTool\package.info
[DEBUG] 2026-10-05 11:44:25,985 [SwingWorker-pool-2-thread-2] com.wmp.downloader.tools.file.DataControl:50 
 数据保存完成
[DEBUG] 2026-10-05 11:44:25,990 [SwingWorker-pool-2-thread-2] com.wmp.downloader.tools.file.DataControl:50 
 加载数据...
[DEBUG] 2026-10-05 11:44:25,992 [SwingWorker-pool-2-thread-2] com.wmp.downloader.tools.file.DataControl:50 
 文本数据加载完成
[DEBUG] 2026-10-05 11:44:26,107 [SwingWorker-pool-2-thread-2] com.wmp.downloader.tools.file.DataControl:50 
 数据保存完成
[DEBUG] 2026-10-05 11:44:26,112 [SwingWorker-pool-2-thread-2] com.wmp.downloader.tools.file.DataControl:50 
 加载数据...
[DEBUG] 2026-10-05 11:44:26,114 [SwingWorker-pool-2-thread-2] com.wmp.downloader.tools.file.DataControl:50 
 文本数据加载完成
[INFO ] 2026-10-05 11:44:26,614 [SwingWorker-pool-2-thread-2] com.wmp.speed_bump.platform.background.pc.resource.control.IconControl:20 
 正在获取folder的对应图标
[INFO ] 2026-10-05 11:44:26,615 [SwingWorker-pool-2-thread-2] com.wmp.speed_bump.platform.background.pc.resource.control.IconControl:20 
 /com/wmp/speed_bump/common/background/resource/icon/dark/9-media/folder.png
[INFO ] 2026-10-05 11:44:26,641 [SwingWorker-pool-2-thread-2] com.wmp.speed_bump.platform.background.pc.resource.control.IconControl:20 
 正在获取folder的对应图标
[INFO ] 2026-10-05 11:44:26,641 [SwingWorker-pool-2-thread-2] com.wmp.speed_bump.platform.background.pc.resource.control.IconControl:20 
 /com/wmp/speed_bump/common/background/resource/icon/dark/9-media/folder.png
[INFO ] 2026-10-05 11:44:26,648 [SwingWorker-pool-2-thread-2] com.wmp.speed_bump.platform.background.pc.resource.control.IconControl:20 
 正在获取link的对应图标
[INFO ] 2026-10-05 11:44:26,648 [SwingWorker-pool-2-thread-2] com.wmp.speed_bump.platform.background.pc.resource.control.IconControl:20 
 /com/wmp/speed_bump/common/background/resource/icon/dark/9-media/share.png
[INFO ] 2026-10-05 11:44:27,847 [AWT-EventQueue-0] com.wmp.downloader.ui.Downloader:20 
 正在加载：com.wmp.downloader.ui.Downloader$$Lambda/0x000000002f3288a8@67eb1822
[INFO ] 2026-10-05 11:44:28,962 [SwingWorker-pool-2-thread-3] com.wmp.speed_bump.platform.background.pc.resource.control.IconControl:20 
 正在获取folder的对应图标
[INFO ] 2026-10-05 11:44:28,963 [SwingWorker-pool-2-thread-3] com.wmp.speed_bump.platform.background.pc.resource.control.IconControl:20 
 /com/wmp/speed_bump/common/background/resource/icon/dark/9-media/folder.png
[INFO ] 2026-10-05 11:44:28,979 [SwingWorker-pool-2-thread-3] com.wmp.speed_bump.platform.background.pc.resource.control.IconControl:20 
 正在获取folder的对应图标
[INFO ] 2026-10-05 11:44:28,979 [SwingWorker-pool-2-thread-3] com.wmp.speed_bump.platform.background.pc.resource.control.IconControl:20 
 /com/wmp/speed_bump/common/background/resource/icon/dark/9-media/folder.png
[INFO ] 2026-10-05 11:44:28,986 [SwingWorker-pool-2-thread-3] com.wmp.speed_bump.platform.background.pc.resource.control.IconControl:20 
 正在获取folder的对应图标
[INFO ] 2026-10-05 11:44:28,986 [SwingWorker-pool-2-thread-3] com.wmp.speed_bump.platform.background.pc.resource.control.IconControl:20 
 /com/wmp/speed_bump/common/background/resource/icon/dark/9-media/folder.png
[INFO ] 2026-10-05 11:44:30,796 [SwingWorker-pool-2-thread-3] com.wmp.speed_bump.platform.background.pc.resource.control.IconControl:20 
 正在获取folder的对应图标
[INFO ] 2026-10-05 11:44:30,797 [SwingWorker-pool-2-thread-3] com.wmp.speed_bump.platform.background.pc.resource.control.IconControl:20 
 /com/wmp/speed_bump/common/background/resource/icon/dark/9-media/folder.png
[INFO ] 2026-10-05 11:44:30,801 [SwingWorker-pool-2-thread-3] com.wmp.speed_bump.platform.background.pc.resource.control.IconControl:20 
 正在获取folder的对应图标
[INFO ] 2026-10-05 11:44:30,802 [SwingWorker-pool-2-thread-3] com.wmp.speed_bump.platform.background.pc.resource.control.IconControl:20 
 /com/wmp/speed_bump/common/background/resource/icon/dark/9-media/folder.png
[INFO ] 2026-10-05 11:44:30,808 [SwingWorker-pool-2-thread-3] com.wmp.speed_bump.platform.background.pc.resource.control.IconControl:20 
 正在获取trash的对应图标
[INFO ] 2026-10-05 11:44:30,808 [SwingWorker-pool-2-thread-3] com.wmp.speed_bump.platform.background.pc.resource.control.IconControl:20 
 /com/wmp/speed_bump/common/background/resource/icon/dark/9-media/trash.png
[INFO ] 2026-10-05 11:44:30,818 [SwingWorker-pool-2-thread-3] com.wmp.speed_bump.platform.background.pc.resource.control.IconControl:20 
 正在获取eyedropper的对应图标
[INFO ] 2026-10-05 11:44:30,819 [SwingWorker-pool-2-thread-3] com.wmp.speed_bump.platform.background.pc.resource.control.IconControl:20 
 /com/wmp/speed_bump/common/background/resource/icon/dark/10-editing/eyedropper.png
[INFO ] 2026-10-05 11:44:30,834 [SwingWorker-pool-2-thread-3] com.wmp.speed_bump.platform.background.pc.resource.control.IconControl:20 
 正在获取refresh的对应图标
[INFO ] 2026-10-05 11:44:30,835 [SwingWorker-pool-2-thread-3] com.wmp.speed_bump.platform.background.pc.resource.control.IconControl:20 
 /com/wmp/speed_bump/common/background/resource/icon/dark/8-ui/refresh.png
[INFO ] 2026-10-05 11:44:30,841 [SwingWorker-pool-2-thread-3] com.wmp.speed_bump.platform.background.pc.resource.control.IconControl:20 
 正在获取save的对应图标
[INFO ] 2026-10-05 11:44:30,842 [SwingWorker-pool-2-thread-3] com.wmp.speed_bump.platform.background.pc.resource.control.IconControl:20 
 /com/wmp/speed_bump/common/background/resource/icon/dark/8-ui/save.png
[DEBUG] 2026-10-05 11:45:53,238 [AWT-EventQueue-0] com.wmp.downloader.tools.file.DataControl:50 
 数据保存完成
[DEBUG] 2026-10-05 11:45:53,243 [AWT-EventQueue-0] com.wmp.downloader.tools.file.DataControl:50 
 加载数据...
[DEBUG] 2026-10-05 11:45:53,245 [AWT-EventQueue-0] com.wmp.downloader.tools.file.DataControl:50 
 文本数据加载完成
[INFO ] 2026-10-05 11:45:53,576 [AWT-EventQueue-0] com.wmp.speed_bump.platform.background.pc.resource.control.IconControl:20 
 正在获取tool-kit的对应图标
[INFO ] 2026-10-05 11:45:53,577 [AWT-EventQueue-0] com.wmp.speed_bump.platform.background.pc.resource.control.IconControl:20 
 /com/wmp/speed_bump/common/background/resource/icon/dark/2-items/tool-kit.png
[INFO ] 2026-10-05 11:45:53,582 [AWT-EventQueue-0] com.wmp.speed_bump.platform.background.pc.resource.control.IconControl:20 
 正在获取statusbar.idle的对应图标
[INFO ] 2026-10-05 11:45:53,583 [AWT-EventQueue-0] com.wmp.speed_bump.platform.background.pc.resource.control.IconControl:20 
 /com/wmp/speed_bump/common/background/resource/icon/dark/10-editing/clipboard.png
[INFO ] 2026-10-05 11:45:53,587 [AWT-EventQueue-0] com.wmp.speed_bump.platform.background.pc.resource.control.IconControl:20 
 正在获取icon的对应图标
[INFO ] 2026-10-05 11:45:53,588 [AWT-EventQueue-0] com.wmp.speed_bump.platform.background.pc.resource.control.IconControl:20 
 /com/wmp/speed_bump/common/background/resource/icon/dark/icon.png
[INFO ] 2026-10-05 11:45:53,600 [AWT-EventQueue-0] com.wmp.speed_bump.platform.background.pc.resource.control.IconControl:20 
 正在获取icon的对应图标
[INFO ] 2026-10-05 11:45:53,601 [AWT-EventQueue-0] com.wmp.speed_bump.platform.background.pc.resource.control.IconControl:20 
 /com/wmp/speed_bump/common/background/resource/icon/dark/icon.png
[INFO ] 2026-10-05 11:45:53,606 [AWT-EventQueue-0] com.wmp.speed_bump.platform.background.pc.resource.control.IconControl:20 
 正在获取icon的对应图标
[INFO ] 2026-10-05 11:45:53,607 [AWT-EventQueue-0] com.wmp.speed_bump.platform.background.pc.resource.control.IconControl:20 
 /com/wmp/speed_bump/common/background/resource/icon/dark/icon.png
[INFO ] 2026-10-05 11:45:53,615 [AWT-EventQueue-0] com.wmp.speed_bump.platform.background.pc.resource.control.IconControl:20 
 正在获取icon的对应图标
[INFO ] 2026-10-05 11:45:53,616 [AWT-EventQueue-0] com.wmp.speed_bump.platform.background.pc.resource.control.IconControl:20 
 /com/wmp/speed_bump/common/background/resource/icon/dark/icon.png
[INFO ] 2026-10-05 11:45:53,624 [AWT-EventQueue-0] com.wmp.speed_bump.platform.background.pc.resource.control.IconControl:20 
 正在获取start的对应图标
[INFO ] 2026-10-05 11:45:53,625 [AWT-EventQueue-0] com.wmp.speed_bump.platform.background.pc.resource.control.IconControl:20 
 /com/wmp/speed_bump/common/background/resource/icon/dark/9-media/play.png
[INFO ] 2026-10-05 11:45:53,628 [AWT-EventQueue-0] com.wmp.speed_bump.platform.background.pc.resource.control.IconControl:20 
 正在获取pause的对应图标
[INFO ] 2026-10-05 11:45:53,629 [AWT-EventQueue-0] com.wmp.speed_bump.platform.background.pc.resource.control.IconControl:20 
 /com/wmp/speed_bump/common/background/resource/icon/dark/9-media/stop.png
[INFO ] 2026-10-05 11:45:53,634 [AWT-EventQueue-0] com.wmp.speed_bump.platform.background.pc.resource.control.IconControl:20 
 正在获取update的对应图标
[INFO ] 2026-10-05 11:45:53,634 [AWT-EventQueue-0] com.wmp.speed_bump.platform.background.pc.resource.control.IconControl:20 
 /com/wmp/speed_bump/common/background/resource/icon/dark/9-media/cloud-download.png
[INFO ] 2026-10-05 11:45:53,638 [AWT-EventQueue-0] com.wmp.speed_bump.platform.background.pc.resource.control.IconControl:20 
 正在获取settings的对应图标
[INFO ] 2026-10-05 11:45:53,639 [AWT-EventQueue-0] com.wmp.speed_bump.platform.background.pc.resource.control.IconControl:20 
 /com/wmp/speed_bump/common/background/resource/icon/dark/8-ui/settings.png
[INFO ] 2026-10-05 11:45:53,643 [AWT-EventQueue-0] com.wmp.speed_bump.platform.background.pc.resource.control.IconControl:20 
 正在获取about的对应图标
[INFO ] 2026-10-05 11:45:53,643 [AWT-EventQueue-0] com.wmp.speed_bump.platform.background.pc.resource.control.IconControl:20 
 /com/wmp/speed_bump/common/background/resource/icon/dark/8-ui/info-02.png
[INFO ] 2026-10-05 11:45:53,647 [AWT-EventQueue-0] com.wmp.speed_bump.platform.background.pc.resource.control.IconControl:20 
 正在获取power_switch的对应图标
[INFO ] 2026-10-05 11:45:53,648 [AWT-EventQueue-0] com.wmp.speed_bump.platform.background.pc.resource.control.IconControl:20 
 /com/wmp/speed_bump/common/background/resource/icon/dark/9-media/power-switch.png
[INFO ] 2026-10-05 11:45:53,651 [AWT-EventQueue-0] com.wmp.speed_bump.platform.background.pc.resource.control.IconControl:20 
 正在获取refresh的对应图标
[INFO ] 2026-10-05 11:45:53,652 [AWT-EventQueue-0] com.wmp.speed_bump.platform.background.pc.resource.control.IconControl:20 
 /com/wmp/speed_bump/common/background/resource/icon/dark/8-ui/refresh.png
[INFO ] 2026-10-05 11:45:53,657 [AWT-EventQueue-0] com.wmp.speed_bump.platform.background.pc.resource.control.IconControl:20 
 正在获取update的对应图标
[INFO ] 2026-10-05 11:45:53,658 [AWT-EventQueue-0] com.wmp.speed_bump.platform.background.pc.resource.control.IconControl:20 
 /com/wmp/speed_bump/common/background/resource/icon/dark/9-media/cloud-download.png
[INFO ] 2026-10-05 11:45:53,662 [AWT-EventQueue-0] com.wmp.speed_bump.platform.background.pc.resource.control.IconControl:20 
 正在获取power_switch的对应图标
[INFO ] 2026-10-05 11:45:53,663 [AWT-EventQueue-0] com.wmp.speed_bump.platform.background.pc.resource.control.IconControl:20 
 /com/wmp/speed_bump/common/background/resource/icon/dark/9-media/power-switch.png
[INFO ] 2026-10-05 11:45:53,666 [AWT-EventQueue-0] com.wmp.speed_bump.platform.background.pc.resource.control.IconControl:20 
 正在获取update的对应图标
[INFO ] 2026-10-05 11:45:53,667 [AWT-EventQueue-0] com.wmp.speed_bump.platform.background.pc.resource.control.IconControl:20 
 /com/wmp/speed_bump/common/background/resource/icon/dark/9-media/cloud-download.png
[INFO ] 2026-10-05 11:45:53,672 [AWT-EventQueue-0] com.wmp.speed_bump.platform.background.pc.resource.control.IconControl:20 
 正在获取question的对应图标
[INFO ] 2026-10-05 11:45:53,673 [AWT-EventQueue-0] com.wmp.speed_bump.platform.background.pc.resource.control.IconControl:20 
 /com/wmp/speed_bump/common/background/resource/icon/dark/8-ui/question-mark.png
[INFO ] 2026-10-05 11:45:53,676 [AWT-EventQueue-0] com.wmp.speed_bump.platform.background.pc.resource.control.IconControl:20 
 正在获取about的对应图标
[INFO ] 2026-10-05 11:45:53,677 [AWT-EventQueue-0] com.wmp.speed_bump.platform.background.pc.resource.control.IconControl:20 
 /com/wmp/speed_bump/common/background/resource/icon/dark/8-ui/info-02.png
[INFO ] 2026-10-05 11:45:53,680 [AWT-EventQueue-0] com.wmp.speed_bump.platform.background.pc.resource.control.IconControl:20 
 正在获取task的对应图标
[INFO ] 2026-10-05 11:45:53,681 [AWT-EventQueue-0] com.wmp.speed_bump.platform.background.pc.resource.control.IconControl:20 
 /com/wmp/speed_bump/common/background/resource/icon/dark/10-editing/clipboard.png
[INFO ] 2026-10-05 11:45:53,684 [AWT-EventQueue-0] com.wmp.speed_bump.platform.background.pc.resource.control.IconControl:20 
 正在获取settings的对应图标
[INFO ] 2026-10-05 11:45:53,685 [AWT-EventQueue-0] com.wmp.speed_bump.platform.background.pc.resource.control.IconControl:20 
 /com/wmp/speed_bump/common/background/resource/icon/dark/8-ui/settings.png
[INFO ] 2026-10-05 11:45:53,690 [AWT-EventQueue-0] com.wmp.speed_bump.platform.background.pc.resource.control.IconControl:20 
 正在获取settings的对应图标
[INFO ] 2026-10-05 11:45:53,691 [AWT-EventQueue-0] com.wmp.speed_bump.platform.background.pc.resource.control.IconControl:20 
 /com/wmp/speed_bump/common/background/resource/icon/dark/8-ui/settings.png
[INFO ] 2026-10-05 11:45:53,695 [AWT-EventQueue-0] com.wmp.speed_bump.platform.background.pc.resource.control.IconControl:20 
 正在获取plugin的对应图标
[INFO ] 2026-10-05 11:45:53,696 [AWT-EventQueue-0] com.wmp.speed_bump.platform.background.pc.resource.control.IconControl:20 
 /com/wmp/speed_bump/common/background/resource/icon/dark/8-ui/grid-add.png
[INFO ] 2026-10-05 11:45:53,701 [AWT-EventQueue-0] com.wmp.speed_bump.platform.background.pc.resource.control.IconControl:20 
 正在获取about的对应图标
[INFO ] 2026-10-05 11:45:53,702 [AWT-EventQueue-0] com.wmp.speed_bump.platform.background.pc.resource.control.IconControl:20 
 /com/wmp/speed_bump/common/background/resource/icon/dark/8-ui/info-02.png
[INFO ] 2026-10-05 11:45:53,708 [AWT-EventQueue-0] com.wmp.speed_bump.platform.background.pc.resource.control.IconControl:20 
 正在获取new的对应图标
[INFO ] 2026-10-05 11:45:53,709 [AWT-EventQueue-0] com.wmp.speed_bump.platform.background.pc.resource.control.IconControl:20 
 /com/wmp/speed_bump/common/background/resource/icon/dark/11-symbols/plus.png
[INFO ] 2026-10-05 11:45:53,714 [AWT-EventQueue-0] com.wmp.speed_bump.platform.background.pc.resource.control.IconControl:20 
 正在获取start的对应图标
[INFO ] 2026-10-05 11:45:53,714 [AWT-EventQueue-0] com.wmp.speed_bump.platform.background.pc.resource.control.IconControl:20 
 /com/wmp/speed_bump/common/background/resource/icon/dark/9-media/play.png
[INFO ] 2026-10-05 11:45:53,728 [AWT-EventQueue-0] com.wmp.speed_bump.platform.background.pc.resource.control.IconControl:20 
 正在获取pause的对应图标
[INFO ] 2026-10-05 11:45:53,729 [AWT-EventQueue-0] com.wmp.speed_bump.platform.background.pc.resource.control.IconControl:20 
 /com/wmp/speed_bump/common/background/resource/icon/dark/9-media/stop.png
[INFO ] 2026-10-05 11:45:53,734 [AWT-EventQueue-0] com.wmp.speed_bump.platform.background.pc.resource.control.IconControl:20 
 正在获取folder的对应图标
[INFO ] 2026-10-05 11:45:53,735 [AWT-EventQueue-0] com.wmp.speed_bump.platform.background.pc.resource.control.IconControl:20 
 /com/wmp/speed_bump/common/background/resource/icon/dark/9-media/folder.png
[INFO ] 2026-10-05 11:45:53,740 [AWT-EventQueue-0] com.wmp.speed_bump.platform.background.pc.resource.control.IconControl:20 
 正在获取folder的对应图标
[INFO ] 2026-10-05 11:45:53,740 [AWT-EventQueue-0] com.wmp.speed_bump.platform.background.pc.resource.control.IconControl:20 
 /com/wmp/speed_bump/common/background/resource/icon/dark/9-media/folder.png
[INFO ] 2026-10-05 11:45:53,745 [AWT-EventQueue-0] com.wmp.speed_bump.platform.background.pc.resource.control.IconControl:20 
 正在获取link的对应图标
[INFO ] 2026-10-05 11:45:53,746 [AWT-EventQueue-0] com.wmp.speed_bump.platform.background.pc.resource.control.IconControl:20 
 /com/wmp/speed_bump/common/background/resource/icon/dark/9-media/share.png
[INFO ] 2026-10-05 11:45:53,751 [AWT-EventQueue-0] com.wmp.speed_bump.platform.background.pc.resource.control.IconControl:20 
 正在获取folder的对应图标
[INFO ] 2026-10-05 11:45:53,752 [AWT-EventQueue-0] com.wmp.speed_bump.platform.background.pc.resource.control.IconControl:20 
 /com/wmp/speed_bump/common/background/resource/icon/dark/9-media/folder.png
[INFO ] 2026-10-05 11:45:53,756 [AWT-EventQueue-0] com.wmp.speed_bump.platform.background.pc.resource.control.IconControl:20 
 正在获取folder的对应图标
[INFO ] 2026-10-05 11:45:53,757 [AWT-EventQueue-0] com.wmp.speed_bump.platform.background.pc.resource.control.IconControl:20 
 /com/wmp/speed_bump/common/background/resource/icon/dark/9-media/folder.png
[INFO ] 2026-10-05 11:45:53,760 [AWT-EventQueue-0] com.wmp.speed_bump.platform.background.pc.resource.control.IconControl:20 
 正在获取folder的对应图标
[INFO ] 2026-10-05 11:45:53,761 [AWT-EventQueue-0] com.wmp.speed_bump.platform.background.pc.resource.control.IconControl:20 
 /com/wmp/speed_bump/common/background/resource/icon/dark/9-media/folder.png
[INFO ] 2026-10-05 11:45:53,764 [AWT-EventQueue-0] com.wmp.speed_bump.platform.background.pc.resource.control.IconControl:20 
 正在获取folder的对应图标
[INFO ] 2026-10-05 11:45:53,765 [AWT-EventQueue-0] com.wmp.speed_bump.platform.background.pc.resource.control.IconControl:20 
 /com/wmp/speed_bump/common/background/resource/icon/dark/9-media/folder.png
[INFO ] 2026-10-05 11:45:53,769 [AWT-EventQueue-0] com.wmp.speed_bump.platform.background.pc.resource.control.IconControl:20 
 正在获取folder的对应图标
[INFO ] 2026-10-05 11:45:53,769 [AWT-EventQueue-0] com.wmp.speed_bump.platform.background.pc.resource.control.IconControl:20 
 /com/wmp/speed_bump/common/background/resource/icon/dark/9-media/folder.png
[INFO ] 2026-10-05 11:45:53,774 [AWT-EventQueue-0] com.wmp.speed_bump.platform.background.pc.resource.control.IconControl:20 
 正在获取trash的对应图标
[INFO ] 2026-10-05 11:45:53,774 [AWT-EventQueue-0] com.wmp.speed_bump.platform.background.pc.resource.control.IconControl:20 
 /com/wmp/speed_bump/common/background/resource/icon/dark/9-media/trash.png
[INFO ] 2026-10-05 11:45:53,785 [AWT-EventQueue-0] com.wmp.speed_bump.platform.background.pc.resource.control.IconControl:20 
 正在获取eyedropper的对应图标
[INFO ] 2026-10-05 11:45:53,785 [AWT-EventQueue-0] com.wmp.speed_bump.platform.background.pc.resource.control.IconControl:20 
 /com/wmp/speed_bump/common/background/resource/icon/dark/10-editing/eyedropper.png
[INFO ] 2026-10-05 11:45:53,790 [AWT-EventQueue-0] com.wmp.speed_bump.platform.background.pc.resource.control.IconControl:20 
 正在获取refresh的对应图标
[INFO ] 2026-10-05 11:45:53,791 [AWT-EventQueue-0] com.wmp.speed_bump.platform.background.pc.resource.control.IconControl:20 
 /com/wmp/speed_bump/common/background/resource/icon/dark/8-ui/refresh.png
[INFO ] 2026-10-05 11:45:53,795 [AWT-EventQueue-0] com.wmp.speed_bump.platform.background.pc.resource.control.IconControl:20 
 正在获取save的对应图标
[INFO ] 2026-10-05 11:45:53,796 [AWT-EventQueue-0] com.wmp.speed_bump.platform.background.pc.resource.control.IconControl:20 
 /com/wmp/speed_bump/common/background/resource/icon/dark/8-ui/save.png
[INFO ] 2026-10-05 11:45:53,818 [AWT-EventQueue-0] com.wmp.speed_bump.platform.background.pc.resource.control.IconControl:20 
 正在获取error的对应图标
[INFO ] 2026-10-05 11:45:53,819 [AWT-EventQueue-0] com.wmp.speed_bump.platform.background.pc.resource.control.IconControl:20 
 /com/wmp/speed_bump/common/background/resource/icon/dark/8-ui/prohibited.png
[INFO ] 2026-10-05 11:45:53,826 [AWT-EventQueue-0] com.wmp.speed_bump.platform.background.pc.resource.control.IconControl:20 
 正在获取info的对应图标
[INFO ] 2026-10-05 11:45:53,827 [AWT-EventQueue-0] com.wmp.speed_bump.platform.background.pc.resource.control.IconControl:20 
 /com/wmp/speed_bump/common/background/resource/icon/dark/8-ui/info-02.png
[INFO ] 2026-10-05 11:45:53,832 [AWT-EventQueue-0] com.wmp.speed_bump.platform.background.pc.resource.control.IconControl:20 
 正在获取warn的对应图标
[INFO ] 2026-10-05 11:45:53,833 [AWT-EventQueue-0] com.wmp.speed_bump.platform.background.pc.resource.control.IconControl:20 
 /com/wmp/speed_bump/common/background/resource/icon/dark/8-ui/exclamation-02.png
[INFO ] 2026-10-05 11:45:53,841 [AWT-EventQueue-0] com.wmp.speed_bump.platform.background.pc.resource.control.IconControl:20 
 正在获取question的对应图标
[INFO ] 2026-10-05 11:45:53,841 [AWT-EventQueue-0] com.wmp.speed_bump.platform.background.pc.resource.control.IconControl:20 
 /com/wmp/speed_bump/common/background/resource/icon/dark/8-ui/question-mark.png
[INFO ] 2026-10-05 11:45:56,129 [AWT-EventQueue-0] com.wmp.downloader.ui.Downloader:20 
 正在加载：com.wmp.downloader.ui.Downloader$$Lambda/0x000000002f326c60@54514e63
[INFO ] 2026-10-05 11:45:56,261 [SwingWorker-pool-2-thread-4] com.wmp.speed_bump.platform.background.pc.resource.control.IconControl:20 
 正在获取import的对应图标
[INFO ] 2026-10-05 11:45:56,262 [SwingWorker-pool-2-thread-4] com.wmp.speed_bump.platform.background.pc.resource.control.IconControl:20 
 /com/wmp/speed_bump/common/background/resource/icon/dark/9-media/import.png
[INFO ] 2026-10-05 11:45:56,281 [SwingWorker-pool-2-thread-4] com.wmp.speed_bump.platform.background.pc.resource.control.IconControl:20 
 正在获取refresh的对应图标
[INFO ] 2026-10-05 11:45:56,282 [SwingWorker-pool-2-thread-4] com.wmp.speed_bump.platform.background.pc.resource.control.IconControl:20 
 /com/wmp/speed_bump/common/background/resource/icon/dark/8-ui/refresh.png
[INFO ] 2026-10-05 11:45:56,301 [SwingWorker-pool-2-thread-4] com.wmp.speed_bump.platform.background.pc.resource.control.IconControl:20 
 正在获取refresh的对应图标
[INFO ] 2026-10-05 11:45:56,301 [SwingWorker-pool-2-thread-4] com.wmp.speed_bump.platform.background.pc.resource.control.IconControl:20 
 /com/wmp/speed_bump/common/background/resource/icon/dark/8-ui/refresh.png
[INFO ] 2026-10-05 11:45:57,173 [AWT-EventQueue-0] com.wmp.downloader.ui.Downloader:20 
 正在加载：com.wmp.downloader.ui.Downloader$$Lambda/0x000000002f328d08@39bb0de
[INFO ] 2026-10-05 11:45:57,204 [SwingWorker-pool-2-thread-5] com.wmp.speed_bump.platform.background.pc.resource.control.IconControl:20 
 正在获取icon的对应图标
[INFO ] 2026-10-05 11:45:57,205 [SwingWorker-pool-2-thread-5] com.wmp.speed_bump.platform.background.pc.resource.control.IconControl:20 
 /com/wmp/speed_bump/common/background/resource/icon/dark/icon.png
[INFO ] 2026-10-05 11:45:57,210 [SwingWorker-pool-2-thread-5] com.wmp.speed_bump.platform.background.pc.resource.control.IconControl:20 
 正在获取license的对应图标
[INFO ] 2026-10-05 11:45:57,211 [SwingWorker-pool-2-thread-5] com.wmp.speed_bump.platform.background.pc.resource.control.IconControl:20 
 /com/wmp/speed_bump/common/background/resource/icon/dark/9-media/protect.png
[INFO ] 2026-10-05 11:45:57,215 [SwingWorker-pool-2-thread-5] com.wmp.speed_bump.platform.background.pc.resource.control.IconControl:20 
 正在获取update的对应图标
[INFO ] 2026-10-05 11:45:57,216 [SwingWorker-pool-2-thread-5] com.wmp.speed_bump.platform.background.pc.resource.control.IconControl:20 
 /com/wmp/speed_bump/common/background/resource/icon/dark/9-media/cloud-download.png
[INFO ] 2026-10-05 11:45:57,220 [SwingWorker-pool-2-thread-5] com.wmp.speed_bump.platform.background.pc.resource.control.IconControl:20 
 正在获取link的对应图标
[INFO ] 2026-10-05 11:45:57,221 [SwingWorker-pool-2-thread-5] com.wmp.speed_bump.platform.background.pc.resource.control.IconControl:20 
 /com/wmp/speed_bump/common/background/resource/icon/dark/9-media/share.png
[INFO ] 2026-10-05 11:45:57,224 [SwingWorker-pool-2-thread-5] com.wmp.speed_bump.platform.background.pc.resource.control.IconControl:20 
 正在获取issue的对应图标
[INFO ] 2026-10-05 11:45:57,224 [SwingWorker-pool-2-thread-5] com.wmp.speed_bump.platform.background.pc.resource.control.IconControl:20 
 /com/wmp/speed_bump/common/background/resource/icon/dark/9-media/bug.png
[DEBUG] 2026-10-05 11:46:01,901 [AWT-EventQueue-0] com.wmp.downloader.tools.file.DataControl:50 
 加载数据...
[DEBUG] 2026-10-05 11:46:01,903 [AWT-EventQueue-0] com.wmp.downloader.tools.file.DataControl:50 
 文本数据加载完成
[INFO ] 2026-10-05 11:46:02,592 [AWT-EventQueue-0] com.wmp.speed_bump.platform.background.pc.resource.control.IconControl:20 
 正在获取tool-kit的对应图标
[INFO ] 2026-10-05 11:46:02,594 [AWT-EventQueue-0] com.wmp.speed_bump.platform.background.pc.resource.control.IconControl:20 
 /com/wmp/speed_bump/common/background/resource/icon/dark/2-items/tool-kit.png
[INFO ] 2026-10-05 11:46:02,699 [AWT-EventQueue-0] com.wmp.speed_bump.platform.background.pc.resource.control.IconControl:20 
 正在获取statusbar.idle的对应图标
[INFO ] 2026-10-05 11:46:02,719 [AWT-EventQueue-0] com.wmp.speed_bump.platform.background.pc.resource.control.IconControl:20 
 /com/wmp/speed_bump/common/background/resource/icon/dark/10-editing/clipboard.png
[INFO ] 2026-10-05 11:46:02,831 [AWT-EventQueue-0] com.wmp.speed_bump.platform.background.pc.resource.control.IconControl:20 
 正在获取icon的对应图标
[INFO ] 2026-10-05 11:46:02,832 [AWT-EventQueue-0] com.wmp.speed_bump.platform.background.pc.resource.control.IconControl:20 
 /com/wmp/speed_bump/common/background/resource/icon/dark/icon.png
[INFO ] 2026-10-05 11:46:02,842 [AWT-EventQueue-0] com.wmp.speed_bump.platform.background.pc.resource.control.IconControl:20 
 正在获取icon的对应图标
[INFO ] 2026-10-05 11:46:02,843 [AWT-EventQueue-0] com.wmp.speed_bump.platform.background.pc.resource.control.IconControl:20 
 /com/wmp/speed_bump/common/background/resource/icon/dark/icon.png
[INFO ] 2026-10-05 11:46:02,850 [AWT-EventQueue-0] com.wmp.speed_bump.platform.background.pc.resource.control.IconControl:20 
 正在获取icon的对应图标
[INFO ] 2026-10-05 11:46:02,851 [AWT-EventQueue-0] com.wmp.speed_bump.platform.background.pc.resource.control.IconControl:20 
 /com/wmp/speed_bump/common/background/resource/icon/dark/icon.png
[INFO ] 2026-10-05 11:46:02,858 [AWT-EventQueue-0] com.wmp.speed_bump.platform.background.pc.resource.control.IconControl:20 
 正在获取icon的对应图标
[INFO ] 2026-10-05 11:46:02,859 [AWT-EventQueue-0] com.wmp.speed_bump.platform.background.pc.resource.control.IconControl:20 
 /com/wmp/speed_bump/common/background/resource/icon/dark/icon.png
[INFO ] 2026-10-05 11:46:02,867 [AWT-EventQueue-0] com.wmp.speed_bump.platform.background.pc.resource.control.IconControl:20 
 正在获取start的对应图标
[INFO ] 2026-10-05 11:46:02,867 [AWT-EventQueue-0] com.wmp.speed_bump.platform.background.pc.resource.control.IconControl:20 
 /com/wmp/speed_bump/common/background/resource/icon/dark/9-media/play.png
[INFO ] 2026-10-05 11:46:02,871 [AWT-EventQueue-0] com.wmp.speed_bump.platform.background.pc.resource.control.IconControl:20 
 正在获取pause的对应图标
[INFO ] 2026-10-05 11:46:02,871 [AWT-EventQueue-0] com.wmp.speed_bump.platform.background.pc.resource.control.IconControl:20 
 /com/wmp/speed_bump/common/background/resource/icon/dark/9-media/stop.png
[INFO ] 2026-10-05 11:46:02,874 [AWT-EventQueue-0] com.wmp.speed_bump.platform.background.pc.resource.control.IconControl:20 
 正在获取update的对应图标
[INFO ] 2026-10-05 11:46:02,875 [AWT-EventQueue-0] com.wmp.speed_bump.platform.background.pc.resource.control.IconControl:20 
 /com/wmp/speed_bump/common/background/resource/icon/dark/9-media/cloud-download.png
[INFO ] 2026-10-05 11:46:02,879 [AWT-EventQueue-0] com.wmp.speed_bump.platform.background.pc.resource.control.IconControl:20 
 正在获取settings的对应图标
[INFO ] 2026-10-05 11:46:02,880 [AWT-EventQueue-0] com.wmp.speed_bump.platform.background.pc.resource.control.IconControl:20 
 /com/wmp/speed_bump/common/background/resource/icon/dark/8-ui/settings.png
[INFO ] 2026-10-05 11:46:02,887 [AWT-EventQueue-0] com.wmp.speed_bump.platform.background.pc.resource.control.IconControl:20 
 正在获取about的对应图标
[INFO ] 2026-10-05 11:46:02,891 [AWT-EventQueue-0] com.wmp.speed_bump.platform.background.pc.resource.control.IconControl:20 
 /com/wmp/speed_bump/common/background/resource/icon/dark/8-ui/info-02.png
[INFO ] 2026-10-05 11:46:02,905 [AWT-EventQueue-0] com.wmp.speed_bump.platform.background.pc.resource.control.IconControl:20 
 正在获取power_switch的对应图标
[INFO ] 2026-10-05 11:46:02,906 [AWT-EventQueue-0] com.wmp.speed_bump.platform.background.pc.resource.control.IconControl:20 
 /com/wmp/speed_bump/common/background/resource/icon/dark/9-media/power-switch.png
[INFO ] 2026-10-05 11:46:02,927 [AWT-EventQueue-0] com.wmp.speed_bump.platform.background.pc.resource.control.IconControl:20 
 正在获取refresh的对应图标
[INFO ] 2026-10-05 11:46:02,927 [AWT-EventQueue-0] com.wmp.speed_bump.platform.background.pc.resource.control.IconControl:20 
 /com/wmp/speed_bump/common/background/resource/icon/dark/8-ui/refresh.png
[INFO ] 2026-10-05 11:46:02,935 [AWT-EventQueue-0] com.wmp.speed_bump.platform.background.pc.resource.control.IconControl:20 
 正在获取update的对应图标
[INFO ] 2026-10-05 11:46:02,936 [AWT-EventQueue-0] com.wmp.speed_bump.platform.background.pc.resource.control.IconControl:20 
 /com/wmp/speed_bump/common/background/resource/icon/dark/9-media/cloud-download.png
[INFO ] 2026-10-05 11:46:02,942 [AWT-EventQueue-0] com.wmp.speed_bump.platform.background.pc.resource.control.IconControl:20 
 正在获取power_switch的对应图标
[INFO ] 2026-10-05 11:46:02,943 [AWT-EventQueue-0] com.wmp.speed_bump.platform.background.pc.resource.control.IconControl:20 
 /com/wmp/speed_bump/common/background/resource/icon/dark/9-media/power-switch.png
[INFO ] 2026-10-05 11:46:02,950 [AWT-EventQueue-0] com.wmp.speed_bump.platform.background.pc.resource.control.IconControl:20 
 正在获取update的对应图标
[INFO ] 2026-10-05 11:46:02,950 [AWT-EventQueue-0] com.wmp.speed_bump.platform.background.pc.resource.control.IconControl:20 
 /com/wmp/speed_bump/common/background/resource/icon/dark/9-media/cloud-download.png
[INFO ] 2026-10-05 11:46:02,953 [AWT-EventQueue-0] com.wmp.speed_bump.platform.background.pc.resource.control.IconControl:20 
 正在获取question的对应图标
[INFO ] 2026-10-05 11:46:02,954 [AWT-EventQueue-0] com.wmp.speed_bump.platform.background.pc.resource.control.IconControl:20 
 /com/wmp/speed_bump/common/background/resource/icon/dark/8-ui/question-mark.png
[INFO ] 2026-10-05 11:46:02,958 [AWT-EventQueue-0] com.wmp.speed_bump.platform.background.pc.resource.control.IconControl:20 
 正在获取about的对应图标
[INFO ] 2026-10-05 11:46:02,958 [AWT-EventQueue-0] com.wmp.speed_bump.platform.background.pc.resource.control.IconControl:20 
 /com/wmp/speed_bump/common/background/resource/icon/dark/8-ui/info-02.png
[INFO ] 2026-10-05 11:46:02,968 [AWT-EventQueue-0] com.wmp.speed_bump.platform.background.pc.resource.control.IconControl:20 
 正在获取task的对应图标
[INFO ] 2026-10-05 11:46:02,969 [AWT-EventQueue-0] com.wmp.speed_bump.platform.background.pc.resource.control.IconControl:20 
 /com/wmp/speed_bump/common/background/resource/icon/dark/10-editing/clipboard.png
[INFO ] 2026-10-05 11:46:02,976 [AWT-EventQueue-0] com.wmp.speed_bump.platform.background.pc.resource.control.IconControl:20 
 正在获取settings的对应图标
[INFO ] 2026-10-05 11:46:02,976 [AWT-EventQueue-0] com.wmp.speed_bump.platform.background.pc.resource.control.IconControl:20 
 /com/wmp/speed_bump/common/background/resource/icon/dark/8-ui/settings.png
[INFO ] 2026-10-05 11:46:02,986 [AWT-EventQueue-0] com.wmp.speed_bump.platform.background.pc.resource.control.IconControl:20 
 正在获取settings的对应图标
[INFO ] 2026-10-05 11:46:02,986 [AWT-EventQueue-0] com.wmp.speed_bump.platform.background.pc.resource.control.IconControl:20 
 /com/wmp/speed_bump/common/background/resource/icon/dark/8-ui/settings.png
[INFO ] 2026-10-05 11:46:02,991 [AWT-EventQueue-0] com.wmp.speed_bump.platform.background.pc.resource.control.IconControl:20 
 正在获取plugin的对应图标
[INFO ] 2026-10-05 11:46:02,992 [AWT-EventQueue-0] com.wmp.speed_bump.platform.background.pc.resource.control.IconControl:20 
 /com/wmp/speed_bump/common/background/resource/icon/dark/8-ui/grid-add.png
[INFO ] 2026-10-05 11:46:02,998 [AWT-EventQueue-0] com.wmp.speed_bump.platform.background.pc.resource.control.IconControl:20 
 正在获取about的对应图标
[INFO ] 2026-10-05 11:46:02,999 [AWT-EventQueue-0] com.wmp.speed_bump.platform.background.pc.resource.control.IconControl:20 
 /com/wmp/speed_bump/common/background/resource/icon/dark/8-ui/info-02.png
[INFO ] 2026-10-05 11:46:03,004 [AWT-EventQueue-0] com.wmp.speed_bump.platform.background.pc.resource.control.IconControl:20 
 正在获取new的对应图标
[INFO ] 2026-10-05 11:46:03,004 [AWT-EventQueue-0] com.wmp.speed_bump.platform.background.pc.resource.control.IconControl:20 
 /com/wmp/speed_bump/common/background/resource/icon/dark/11-symbols/plus.png
[INFO ] 2026-10-05 11:46:03,008 [AWT-EventQueue-0] com.wmp.speed_bump.platform.background.pc.resource.control.IconControl:20 
 正在获取start的对应图标
[INFO ] 2026-10-05 11:46:03,008 [AWT-EventQueue-0] com.wmp.speed_bump.platform.background.pc.resource.control.IconControl:20 
 /com/wmp/speed_bump/common/background/resource/icon/dark/9-media/play.png
[INFO ] 2026-10-05 11:46:03,011 [AWT-EventQueue-0] com.wmp.speed_bump.platform.background.pc.resource.control.IconControl:20 
 正在获取pause的对应图标
[INFO ] 2026-10-05 11:46:03,011 [AWT-EventQueue-0] com.wmp.speed_bump.platform.background.pc.resource.control.IconControl:20 
 /com/wmp/speed_bump/common/background/resource/icon/dark/9-media/stop.png
[INFO ] 2026-10-05 11:46:03,014 [AWT-EventQueue-0] com.wmp.speed_bump.platform.background.pc.resource.control.IconControl:20 
 正在获取folder的对应图标
[INFO ] 2026-10-05 11:46:03,015 [AWT-EventQueue-0] com.wmp.speed_bump.platform.background.pc.resource.control.IconControl:20 
 /com/wmp/speed_bump/common/background/resource/icon/dark/9-media/folder.png
[INFO ] 2026-10-05 11:46:03,018 [AWT-EventQueue-0] com.wmp.speed_bump.platform.background.pc.resource.control.IconControl:20 
 正在获取folder的对应图标
[INFO ] 2026-10-05 11:46:03,019 [AWT-EventQueue-0] com.wmp.speed_bump.platform.background.pc.resource.control.IconControl:20 
 /com/wmp/speed_bump/common/background/resource/icon/dark/9-media/folder.png
[INFO ] 2026-10-05 11:46:03,025 [AWT-EventQueue-0] com.wmp.speed_bump.platform.background.pc.resource.control.IconControl:20 
 正在获取link的对应图标
[INFO ] 2026-10-05 11:46:03,027 [AWT-EventQueue-0] com.wmp.speed_bump.platform.background.pc.resource.control.IconControl:20 
 /com/wmp/speed_bump/common/background/resource/icon/dark/9-media/share.png
[INFO ] 2026-10-05 11:46:03,031 [AWT-EventQueue-0] com.wmp.speed_bump.platform.background.pc.resource.control.IconControl:20 
 正在获取folder的对应图标
[INFO ] 2026-10-05 11:46:03,032 [AWT-EventQueue-0] com.wmp.speed_bump.platform.background.pc.resource.control.IconControl:20 
 /com/wmp/speed_bump/common/background/resource/icon/dark/9-media/folder.png
[INFO ] 2026-10-05 11:46:03,036 [AWT-EventQueue-0] com.wmp.speed_bump.platform.background.pc.resource.control.IconControl:20 
 正在获取folder的对应图标
[INFO ] 2026-10-05 11:46:03,037 [AWT-EventQueue-0] com.wmp.speed_bump.platform.background.pc.resource.control.IconControl:20 
 /com/wmp/speed_bump/common/background/resource/icon/dark/9-media/folder.png
[INFO ] 2026-10-05 11:46:03,042 [AWT-EventQueue-0] com.wmp.speed_bump.platform.background.pc.resource.control.IconControl:20 
 正在获取folder的对应图标
[INFO ] 2026-10-05 11:46:03,042 [AWT-EventQueue-0] com.wmp.speed_bump.platform.background.pc.resource.control.IconControl:20 
 /com/wmp/speed_bump/common/background/resource/icon/dark/9-media/folder.png
[INFO ] 2026-10-05 11:46:03,064 [AWT-EventQueue-0] com.wmp.speed_bump.platform.background.pc.resource.control.IconControl:20 
 正在获取folder的对应图标
[INFO ] 2026-10-05 11:46:03,065 [AWT-EventQueue-0] com.wmp.speed_bump.platform.background.pc.resource.control.IconControl:20 
 /com/wmp/speed_bump/common/background/resource/icon/dark/9-media/folder.png
[INFO ] 2026-10-05 11:46:03,072 [AWT-EventQueue-0] com.wmp.speed_bump.platform.background.pc.resource.control.IconControl:20 
 正在获取folder的对应图标
[INFO ] 2026-10-05 11:46:03,075 [AWT-EventQueue-0] com.wmp.speed_bump.platform.background.pc.resource.control.IconControl:20 
 /com/wmp/speed_bump/common/background/resource/icon/dark/9-media/folder.png
[INFO ] 2026-10-05 11:46:03,080 [AWT-EventQueue-0] com.wmp.speed_bump.platform.background.pc.resource.control.IconControl:20 
 正在获取trash的对应图标
[INFO ] 2026-10-05 11:46:03,081 [AWT-EventQueue-0] com.wmp.speed_bump.platform.background.pc.resource.control.IconControl:20 
 /com/wmp/speed_bump/common/background/resource/icon/dark/9-media/trash.png
[INFO ] 2026-10-05 11:46:03,085 [AWT-EventQueue-0] com.wmp.speed_bump.platform.background.pc.resource.control.IconControl:20 
 正在获取eyedropper的对应图标
[INFO ] 2026-10-05 11:46:03,086 [AWT-EventQueue-0] com.wmp.speed_bump.platform.background.pc.resource.control.IconControl:20 
 /com/wmp/speed_bump/common/background/resource/icon/dark/10-editing/eyedropper.png
[INFO ] 2026-10-05 11:46:03,090 [AWT-EventQueue-0] com.wmp.speed_bump.platform.background.pc.resource.control.IconControl:20 
 正在获取refresh的对应图标
[INFO ] 2026-10-05 11:46:03,091 [AWT-EventQueue-0] com.wmp.speed_bump.platform.background.pc.resource.control.IconControl:20 
 /com/wmp/speed_bump/common/background/resource/icon/dark/8-ui/refresh.png
[INFO ] 2026-10-05 11:46:03,095 [AWT-EventQueue-0] com.wmp.speed_bump.platform.background.pc.resource.control.IconControl:20 
 正在获取save的对应图标
[INFO ] 2026-10-05 11:46:03,101 [AWT-EventQueue-0] com.wmp.speed_bump.platform.background.pc.resource.control.IconControl:20 
 /com/wmp/speed_bump/common/background/resource/icon/dark/8-ui/save.png
[INFO ] 2026-10-05 11:46:03,116 [AWT-EventQueue-0] com.wmp.speed_bump.platform.background.pc.resource.control.IconControl:20 
 正在获取import的对应图标
[INFO ] 2026-10-05 11:46:03,117 [AWT-EventQueue-0] com.wmp.speed_bump.platform.background.pc.resource.control.IconControl:20 
 /com/wmp/speed_bump/common/background/resource/icon/dark/9-media/import.png
[INFO ] 2026-10-05 11:46:03,122 [AWT-EventQueue-0] com.wmp.speed_bump.platform.background.pc.resource.control.IconControl:20 
 正在获取refresh的对应图标
[INFO ] 2026-10-05 11:46:03,123 [AWT-EventQueue-0] com.wmp.speed_bump.platform.background.pc.resource.control.IconControl:20 
 /com/wmp/speed_bump/common/background/resource/icon/dark/8-ui/refresh.png
[INFO ] 2026-10-05 11:46:03,127 [AWT-EventQueue-0] com.wmp.speed_bump.platform.background.pc.resource.control.IconControl:20 
 正在获取refresh的对应图标
[INFO ] 2026-10-05 11:46:03,128 [AWT-EventQueue-0] com.wmp.speed_bump.platform.background.pc.resource.control.IconControl:20 
 /com/wmp/speed_bump/common/background/resource/icon/dark/8-ui/refresh.png
[INFO ] 2026-10-05 11:46:03,133 [AWT-EventQueue-0] com.wmp.speed_bump.platform.background.pc.resource.control.IconControl:20 
 正在获取icon的对应图标
[INFO ] 2026-10-05 11:46:03,134 [AWT-EventQueue-0] com.wmp.speed_bump.platform.background.pc.resource.control.IconControl:20 
 /com/wmp/speed_bump/common/background/resource/icon/dark/icon.png
[INFO ] 2026-10-05 11:46:03,143 [AWT-EventQueue-0] com.wmp.speed_bump.platform.background.pc.resource.control.IconControl:20 
 正在获取license的对应图标
[INFO ] 2026-10-05 11:46:03,144 [AWT-EventQueue-0] com.wmp.speed_bump.platform.background.pc.resource.control.IconControl:20 
 /com/wmp/speed_bump/common/background/resource/icon/dark/9-media/protect.png
[INFO ] 2026-10-05 11:46:03,149 [AWT-EventQueue-0] com.wmp.speed_bump.platform.background.pc.resource.control.IconControl:20 
 正在获取update的对应图标
[INFO ] 2026-10-05 11:46:03,150 [AWT-EventQueue-0] com.wmp.speed_bump.platform.background.pc.resource.control.IconControl:20 
 /com/wmp/speed_bump/common/background/resource/icon/dark/9-media/cloud-download.png
[INFO ] 2026-10-05 11:46:03,154 [AWT-EventQueue-0] com.wmp.speed_bump.platform.background.pc.resource.control.IconControl:20 
 正在获取link的对应图标
[INFO ] 2026-10-05 11:46:03,154 [AWT-EventQueue-0] com.wmp.speed_bump.platform.background.pc.resource.control.IconControl:20 
 /com/wmp/speed_bump/common/background/resource/icon/dark/9-media/share.png
[INFO ] 2026-10-05 11:46:03,158 [AWT-EventQueue-0] com.wmp.speed_bump.platform.background.pc.resource.control.IconControl:20 
 正在获取issue的对应图标
[INFO ] 2026-10-05 11:46:03,159 [AWT-EventQueue-0] com.wmp.speed_bump.platform.background.pc.resource.control.IconControl:20 
 /com/wmp/speed_bump/common/background/resource/icon/dark/9-media/bug.png
[INFO ] 2026-10-05 11:46:03,170 [AWT-EventQueue-0] com.wmp.speed_bump.platform.background.pc.resource.control.IconControl:20 
 正在获取error的对应图标
[INFO ] 2026-10-05 11:46:03,171 [AWT-EventQueue-0] com.wmp.speed_bump.platform.background.pc.resource.control.IconControl:20 
 /com/wmp/speed_bump/common/background/resource/icon/dark/8-ui/prohibited.png
[INFO ] 2026-10-05 11:46:03,175 [AWT-EventQueue-0] com.wmp.speed_bump.platform.background.pc.resource.control.IconControl:20 
 正在获取info的对应图标
[INFO ] 2026-10-05 11:46:03,176 [AWT-EventQueue-0] com.wmp.speed_bump.platform.background.pc.resource.control.IconControl:20 
 /com/wmp/speed_bump/common/background/resource/icon/dark/8-ui/info-02.png
[INFO ] 2026-10-05 11:46:03,182 [AWT-EventQueue-0] com.wmp.speed_bump.platform.background.pc.resource.control.IconControl:20 
 正在获取warn的对应图标
[INFO ] 2026-10-05 11:46:03,183 [AWT-EventQueue-0] com.wmp.speed_bump.platform.background.pc.resource.control.IconControl:20 
 /com/wmp/speed_bump/common/background/resource/icon/dark/8-ui/exclamation-02.png
[INFO ] 2026-10-05 11:46:03,189 [AWT-EventQueue-0] com.wmp.speed_bump.platform.background.pc.resource.control.IconControl:20 
 正在获取question的对应图标
[INFO ] 2026-10-05 11:46:03,190 [AWT-EventQueue-0] com.wmp.speed_bump.platform.background.pc.resource.control.IconControl:20 
 /com/wmp/speed_bump/common/background/resource/icon/dark/8-ui/question-mark.png
[INFO ] 2026-10-05 11:46:03,434 [AWT-EventQueue-0] com.wmp.speed_bump.platform.background.pc.resource.control.IconControl:20 
 正在获取tool-kit的对应图标
[INFO ] 2026-10-05 11:46:03,436 [AWT-EventQueue-0] com.wmp.speed_bump.platform.background.pc.resource.control.IconControl:20 
 /com/wmp/speed_bump/common/background/resource/icon/dark/2-items/tool-kit.png
[INFO ] 2026-10-05 11:46:03,442 [AWT-EventQueue-0] com.wmp.speed_bump.platform.background.pc.resource.control.IconControl:20 
 正在获取statusbar.idle的对应图标
[INFO ] 2026-10-05 11:46:03,442 [AWT-EventQueue-0] com.wmp.speed_bump.platform.background.pc.resource.control.IconControl:20 
 /com/wmp/speed_bump/common/background/resource/icon/dark/10-editing/clipboard.png
[INFO ] 2026-10-05 11:46:03,447 [AWT-EventQueue-0] com.wmp.speed_bump.platform.background.pc.resource.control.IconControl:20 
 正在获取statusbar.idle的对应图标
[INFO ] 2026-10-05 11:46:03,448 [AWT-EventQueue-0] com.wmp.speed_bump.platform.background.pc.resource.control.IconControl:20 
 /com/wmp/speed_bump/common/background/resource/icon/dark/10-editing/clipboard.png
[INFO ] 2026-10-05 11:46:03,450 [AWT-EventQueue-0] com.wmp.speed_bump.platform.background.pc.resource.control.IconControl:20 
 正在获取icon的对应图标
[INFO ] 2026-10-05 11:46:03,451 [AWT-EventQueue-0] com.wmp.speed_bump.platform.background.pc.resource.control.IconControl:20 
 /com/wmp/speed_bump/common/background/resource/icon/dark/icon.png
[INFO ] 2026-10-05 11:46:03,507 [AWT-EventQueue-0] com.wmp.speed_bump.platform.background.pc.resource.control.IconControl:20 
 正在获取download的对应图标
[INFO ] 2026-10-05 11:46:03,508 [AWT-EventQueue-0] com.wmp.speed_bump.platform.background.pc.resource.control.IconControl:20 
 /com/wmp/speed_bump/common/background/resource/icon/dark/9-media/download.png
[INFO ] 2026-10-05 11:46:03,509 [AWT-EventQueue-0] com.wmp.speed_bump.platform.background.pc.resource.control.IconControl:20 
 正在获取icon的对应图标
[INFO ] 2026-10-05 11:46:03,510 [AWT-EventQueue-0] com.wmp.speed_bump.platform.background.pc.resource.control.IconControl:20 
 /com/wmp/speed_bump/common/background/resource/icon/dark/icon.png
[INFO ] 2026-10-05 11:46:03,512 [AWT-EventQueue-0] com.wmp.speed_bump.platform.background.pc.resource.control.IconControl:20 
 正在获取icon的对应图标
[INFO ] 2026-10-05 11:46:03,513 [AWT-EventQueue-0] com.wmp.speed_bump.platform.background.pc.resource.control.IconControl:20 
 /com/wmp/speed_bump/common/background/resource/icon/dark/icon.png
[INFO ] 2026-10-05 11:46:03,533 [AWT-EventQueue-0] com.wmp.speed_bump.platform.background.pc.resource.control.IconControl:20 
 正在获取icon的对应图标
[INFO ] 2026-10-05 11:46:03,533 [AWT-EventQueue-0] com.wmp.speed_bump.platform.background.pc.resource.control.IconControl:20 
 /com/wmp/speed_bump/common/background/resource/icon/dark/icon.png
[INFO ] 2026-10-05 11:46:03,545 [AWT-EventQueue-0] com.wmp.speed_bump.platform.background.pc.resource.control.IconControl:20 
 正在获取start的对应图标
[INFO ] 2026-10-05 11:46:03,546 [AWT-EventQueue-0] com.wmp.speed_bump.platform.background.pc.resource.control.IconControl:20 
 /com/wmp/speed_bump/common/background/resource/icon/dark/9-media/play.png
[INFO ] 2026-10-05 11:46:03,557 [AWT-EventQueue-0] com.wmp.speed_bump.platform.background.pc.resource.control.IconControl:20 
 正在获取pause的对应图标
[INFO ] 2026-10-05 11:46:03,558 [AWT-EventQueue-0] com.wmp.speed_bump.platform.background.pc.resource.control.IconControl:20 
 /com/wmp/speed_bump/common/background/resource/icon/dark/9-media/stop.png
[INFO ] 2026-10-05 11:46:03,564 [AWT-EventQueue-0] com.wmp.speed_bump.platform.background.pc.resource.control.IconControl:20 
 正在获取update的对应图标
[INFO ] 2026-10-05 11:46:03,566 [AWT-EventQueue-0] com.wmp.speed_bump.platform.background.pc.resource.control.IconControl:20 
 /com/wmp/speed_bump/common/background/resource/icon/dark/9-media/cloud-download.png
[INFO ] 2026-10-05 11:46:03,571 [AWT-EventQueue-0] com.wmp.speed_bump.platform.background.pc.resource.control.IconControl:20 
 正在获取settings的对应图标
[INFO ] 2026-10-05 11:46:03,571 [AWT-EventQueue-0] com.wmp.speed_bump.platform.background.pc.resource.control.IconControl:20 
 /com/wmp/speed_bump/common/background/resource/icon/dark/8-ui/settings.png
[INFO ] 2026-10-05 11:46:03,575 [AWT-EventQueue-0] com.wmp.speed_bump.platform.background.pc.resource.control.IconControl:20 
 正在获取about的对应图标
[INFO ] 2026-10-05 11:46:03,576 [AWT-EventQueue-0] com.wmp.speed_bump.platform.background.pc.resource.control.IconControl:20 
 /com/wmp/speed_bump/common/background/resource/icon/dark/8-ui/info-02.png
[INFO ] 2026-10-05 11:46:03,584 [AWT-EventQueue-0] com.wmp.speed_bump.platform.background.pc.resource.control.IconControl:20 
 正在获取power_switch的对应图标
[INFO ] 2026-10-05 11:46:03,584 [AWT-EventQueue-0] com.wmp.speed_bump.platform.background.pc.resource.control.IconControl:20 
 /com/wmp/speed_bump/common/background/resource/icon/dark/9-media/power-switch.png
[INFO ] 2026-10-05 11:46:03,589 [AWT-EventQueue-0] com.wmp.speed_bump.platform.background.pc.resource.control.IconControl:20 
 正在获取icon的对应图标
[INFO ] 2026-10-05 11:46:03,589 [AWT-EventQueue-0] com.wmp.speed_bump.platform.background.pc.resource.control.IconControl:20 
 /com/wmp/speed_bump/common/background/resource/icon/dark/icon.png
[INFO ] 2026-10-05 11:46:03,596 [AWT-EventQueue-0] com.wmp.speed_bump.platform.background.pc.resource.control.IconControl:20 
 正在获取icon的对应图标
[INFO ] 2026-10-05 11:46:03,596 [AWT-EventQueue-0] com.wmp.speed_bump.platform.background.pc.resource.control.IconControl:20 
 /com/wmp/speed_bump/common/background/resource/icon/dark/icon.png
[INFO ] 2026-10-05 11:46:03,603 [AWT-EventQueue-0] com.wmp.speed_bump.platform.background.pc.resource.control.IconControl:20 
 正在获取start的对应图标
[INFO ] 2026-10-05 11:46:03,603 [AWT-EventQueue-0] com.wmp.speed_bump.platform.background.pc.resource.control.IconControl:20 
 /com/wmp/speed_bump/common/background/resource/icon/dark/9-media/play.png
[INFO ] 2026-10-05 11:46:03,606 [AWT-EventQueue-0] com.wmp.speed_bump.platform.background.pc.resource.control.IconControl:20 
 正在获取pause的对应图标
[INFO ] 2026-10-05 11:46:03,606 [AWT-EventQueue-0] com.wmp.speed_bump.platform.background.pc.resource.control.IconControl:20 
 /com/wmp/speed_bump/common/background/resource/icon/dark/9-media/stop.png
[INFO ] 2026-10-05 11:46:03,608 [AWT-EventQueue-0] com.wmp.speed_bump.platform.background.pc.resource.control.IconControl:20 
 正在获取update的对应图标
[INFO ] 2026-10-05 11:46:03,609 [AWT-EventQueue-0] com.wmp.speed_bump.platform.background.pc.resource.control.IconControl:20 
 /com/wmp/speed_bump/common/background/resource/icon/dark/9-media/cloud-download.png
[INFO ] 2026-10-05 11:46:03,614 [AWT-EventQueue-0] com.wmp.speed_bump.platform.background.pc.resource.control.IconControl:20 
 正在获取settings的对应图标
[INFO ] 2026-10-05 11:46:03,615 [AWT-EventQueue-0] com.wmp.speed_bump.platform.background.pc.resource.control.IconControl:20 
 /com/wmp/speed_bump/common/background/resource/icon/dark/8-ui/settings.png
[INFO ] 2026-10-05 11:46:03,618 [AWT-EventQueue-0] com.wmp.speed_bump.platform.background.pc.resource.control.IconControl:20 
 正在获取about的对应图标
[INFO ] 2026-10-05 11:46:03,619 [AWT-EventQueue-0] com.wmp.speed_bump.platform.background.pc.resource.control.IconControl:20 
 /com/wmp/speed_bump/common/background/resource/icon/dark/8-ui/info-02.png
[INFO ] 2026-10-05 11:46:03,621 [AWT-EventQueue-0] com.wmp.speed_bump.platform.background.pc.resource.control.IconControl:20 
 正在获取power_switch的对应图标
[INFO ] 2026-10-05 11:46:03,622 [AWT-EventQueue-0] com.wmp.speed_bump.platform.background.pc.resource.control.IconControl:20 
 /com/wmp/speed_bump/common/background/resource/icon/dark/9-media/power-switch.png
[INFO ] 2026-10-05 11:46:03,688 [AWT-EventQueue-0] com.wmp.speed_bump.platform.background.pc.resource.control.IconControl:20 
 正在获取refresh的对应图标
[INFO ] 2026-10-05 11:46:03,689 [AWT-EventQueue-0] com.wmp.speed_bump.platform.background.pc.resource.control.IconControl:20 
 /com/wmp/speed_bump/common/background/resource/icon/dark/8-ui/refresh.png
[INFO ] 2026-10-05 11:46:03,698 [AWT-EventQueue-0] com.wmp.speed_bump.platform.background.pc.resource.control.IconControl:20 
 正在获取update的对应图标
[INFO ] 2026-10-05 11:46:03,701 [AWT-EventQueue-0] com.wmp.speed_bump.platform.background.pc.resource.control.IconControl:20 
 /com/wmp/speed_bump/common/background/resource/icon/dark/9-media/cloud-download.png
[INFO ] 2026-10-05 11:46:03,731 [AWT-EventQueue-0] com.wmp.speed_bump.platform.background.pc.resource.control.IconControl:20 
 正在获取power_switch的对应图标
[INFO ] 2026-10-05 11:46:03,731 [AWT-EventQueue-0] com.wmp.speed_bump.platform.background.pc.resource.control.IconControl:20 
 /com/wmp/speed_bump/common/background/resource/icon/dark/9-media/power-switch.png
[INFO ] 2026-10-05 11:46:03,739 [AWT-EventQueue-0] com.wmp.speed_bump.platform.background.pc.resource.control.IconControl:20 
 正在获取update的对应图标
[INFO ] 2026-10-05 11:46:03,740 [AWT-EventQueue-0] com.wmp.speed_bump.platform.background.pc.resource.control.IconControl:20 
 /com/wmp/speed_bump/common/background/resource/icon/dark/9-media/cloud-download.png
[INFO ] 2026-10-05 11:46:03,745 [AWT-EventQueue-0] com.wmp.speed_bump.platform.background.pc.resource.control.IconControl:20 
 正在获取question的对应图标
[INFO ] 2026-10-05 11:46:03,745 [AWT-EventQueue-0] com.wmp.speed_bump.platform.background.pc.resource.control.IconControl:20 
 /com/wmp/speed_bump/common/background/resource/icon/dark/8-ui/question-mark.png
[INFO ] 2026-10-05 11:46:03,752 [AWT-EventQueue-0] com.wmp.speed_bump.platform.background.pc.resource.control.IconControl:20 
 正在获取about的对应图标
[INFO ] 2026-10-05 11:46:03,752 [AWT-EventQueue-0] com.wmp.speed_bump.platform.background.pc.resource.control.IconControl:20 
 /com/wmp/speed_bump/common/background/resource/icon/dark/8-ui/info-02.png
[INFO ] 2026-10-05 11:46:03,758 [AWT-EventQueue-0] com.wmp.speed_bump.platform.background.pc.resource.control.IconControl:20 
 正在获取task的对应图标
[INFO ] 2026-10-05 11:46:03,758 [AWT-EventQueue-0] com.wmp.speed_bump.platform.background.pc.resource.control.IconControl:20 
 /com/wmp/speed_bump/common/background/resource/icon/dark/10-editing/clipboard.png
[INFO ] 2026-10-05 11:46:03,763 [AWT-EventQueue-0] com.wmp.speed_bump.platform.background.pc.resource.control.IconControl:20 
 正在获取settings的对应图标
[INFO ] 2026-10-05 11:46:03,763 [AWT-EventQueue-0] com.wmp.speed_bump.platform.background.pc.resource.control.IconControl:20 
 /com/wmp/speed_bump/common/background/resource/icon/dark/8-ui/settings.png
[INFO ] 2026-10-05 11:46:03,768 [AWT-EventQueue-0] com.wmp.speed_bump.platform.background.pc.resource.control.IconControl:20 
 正在获取settings的对应图标
[INFO ] 2026-10-05 11:46:03,769 [AWT-EventQueue-0] com.wmp.speed_bump.platform.background.pc.resource.control.IconControl:20 
 /com/wmp/speed_bump/common/background/resource/icon/dark/8-ui/settings.png
[INFO ] 2026-10-05 11:46:03,774 [AWT-EventQueue-0] com.wmp.speed_bump.platform.background.pc.resource.control.IconControl:20 
 正在获取plugin的对应图标
[INFO ] 2026-10-05 11:46:03,774 [AWT-EventQueue-0] com.wmp.speed_bump.platform.background.pc.resource.control.IconControl:20 
 /com/wmp/speed_bump/common/background/resource/icon/dark/8-ui/grid-add.png
[INFO ] 2026-10-05 11:46:03,790 [AWT-EventQueue-0] com.wmp.speed_bump.platform.background.pc.resource.control.IconControl:20 
 正在获取about的对应图标
[INFO ] 2026-10-05 11:46:03,791 [AWT-EventQueue-0] com.wmp.speed_bump.platform.background.pc.resource.control.IconControl:20 
 /com/wmp/speed_bump/common/background/resource/icon/dark/8-ui/info-02.png
[INFO ] 2026-10-05 11:46:03,795 [AWT-EventQueue-0] com.wmp.downloader.ui.Downloader:20 
 选中项在注册监听器时已就绪，立即执行懒加载
[INFO ] 2026-10-05 11:46:03,796 [AWT-EventQueue-0] com.wmp.downloader.ui.Downloader:20 
 正在加载：com.wmp.downloader.ui.Downloader$$Lambda/0x000000002f328448@6b4f7aaa
[INFO ] 2026-10-05 11:46:03,836 [SwingWorker-pool-2-thread-6] com.wmp.speed_bump.platform.background.pc.resource.control.IconControl:20 
 正在获取new的对应图标
[INFO ] 2026-10-05 11:46:03,845 [SwingWorker-pool-2-thread-6] com.wmp.speed_bump.platform.background.pc.resource.control.IconControl:20 
 /com/wmp/speed_bump/common/background/resource/icon/dark/11-symbols/plus.png
[INFO ] 2026-10-05 11:46:03,864 [SwingWorker-pool-2-thread-6] com.wmp.speed_bump.platform.background.pc.resource.control.IconControl:20 
 正在获取start的对应图标
[INFO ] 2026-10-05 11:46:03,865 [SwingWorker-pool-2-thread-6] com.wmp.speed_bump.platform.background.pc.resource.control.IconControl:20 
 /com/wmp/speed_bump/common/background/resource/icon/dark/9-media/play.png
[INFO ] 2026-10-05 11:46:03,873 [SwingWorker-pool-2-thread-6] com.wmp.speed_bump.platform.background.pc.resource.control.IconControl:20 
 正在获取pause的对应图标
[INFO ] 2026-10-05 11:46:03,874 [SwingWorker-pool-2-thread-6] com.wmp.speed_bump.platform.background.pc.resource.control.IconControl:20 
 /com/wmp/speed_bump/common/background/resource/icon/dark/9-media/stop.png
[INFO ] 2026-10-05 11:46:04,091 [AWT-EventQueue-0] com.wmp.downloader.ui.Downloader:20 
 窗口已显示
[ERROR] 2026-10-05 11:46:04,095 [AWT-EventQueue-0] com.wmp.downloader.tools.update.GetUpdateInfo:35 
 网络数据获取失败
java.net.ConnectException: Connection refused: getsockopt
	at java.base/sun.nio.ch.Net.pollConnect(Native Method)
	at java.base/sun.nio.ch.Net.pollConnectNow(Net.java:639)
	at java.base/sun.nio.ch.NioSocketImpl.timedFinishConnect(NioSocketImpl.java:543)
	at java.base/sun.nio.ch.NioSocketImpl.connect(NioSocketImpl.java:594)
	at java.base/java.net.SocksSocketImpl.connect(SocksSocketImpl.java:284)
	at java.base/java.net.Socket.connect(Socket.java:659)
	at java.base/sun.security.ssl.SSLSocketImpl.connect(SSLSocketImpl.java:304)
	at java.base/sun.net.NetworkClient.doConnect(NetworkClient.java:161)
	at java.base/sun.net.www.http.HttpClient.openServer(HttpClient.java:524)
	at java.base/sun.net.www.http.HttpClient.openServer(HttpClient.java:612)
	at java.base/sun.net.www.protocol.https.HttpsClient.<init>(HttpsClient.java:207)
	at java.base/sun.net.www.protocol.https.HttpsClient.New(HttpsClient.java:289)
	at java.base/sun.net.www.protocol.https.AbstractDelegateHttpsURLConnection.getNewHttpClient(AbstractDelegateHttpsURLConnection.java:196)
	at java.base/sun.net.www.protocol.http.HttpURLConnection.plainConnect0(HttpURLConnection.java:966)
	at java.base/sun.net.www.protocol.http.HttpURLConnection.plainConnect(HttpURLConnection.java:902)
	at java.base/sun.net.www.protocol.http.HttpURLConnection.connect(HttpURLConnection.java:875)
	at java.base/sun.net.www.protocol.https.AbstractDelegateHttpsURLConnection.connect(AbstractDelegateHttpsURLConnection.java:181)
	at java.base/sun.net.www.protocol.https.HttpsURLConnectionImpl.connect(HttpsURLConnectionImpl.java:141)
	at org.jsoup.helper.HttpConnection$Response.execute(HttpConnection.java:859)
	at org.jsoup.helper.HttpConnection$Response.execute(HttpConnection.java:829)
	at org.jsoup.helper.HttpConnection.execute(HttpConnection.java:366)
	at com.wmp.downloader.tools.update.GetUpdateInfo.getUpdateInfo(GetUpdateInfo.java:46)
	at com.wmp.downloader.tools.update.GetUpdateInfo.getUpdateInfo(GetUpdateInfo.java:32)
	at com.wmp.downloader.ui.Downloader.checkUpdate(Downloader.java:1043)
	at com.wmp.downloader.ui.Downloader.windowOpened(Downloader.java:1514)
	at java.desktop/java.awt.AWTEventMulticaster.windowOpened(AWTEventMulticaster.java:349)
	at java.desktop/java.awt.Window.processWindowEvent(Window.java:1992)
	at java.desktop/javax.swing.JFrame.processWindowEvent(JFrame.java:298)
	at java.desktop/java.awt.Window.processEvent(Window.java:1954)
	at java.desktop/java.awt.Component.dispatchEventImpl(Component.java:4958)
	at java.desktop/java.awt.Container.dispatchEventImpl(Container.java:2318)
	at java.desktop/java.awt.Window.dispatchEventImpl(Window.java:2671)
	at java.desktop/java.awt.Component.dispatchEvent(Component.java:4790)
	at java.desktop/java.awt.EventQueue.dispatchEventImpl(EventQueue.java:725)
	at java.desktop/java.awt.EventQueue.dispatchEvent(EventQueue.java:702)
	at java.desktop/java.awt.EventDispatchThread.pumpOneEventForFilters(EventDispatchThread.java:203)
	at java.desktop/java.awt.EventDispatchThread.pumpEventsForFilter(EventDispatchThread.java:124)
	at java.desktop/java.awt.EventDispatchThread.pumpEventsForHierarchy(EventDispatchThread.java:113)
	at java.desktop/java.awt.EventDispatchThread.pumpEvents(EventDispatchThread.java:109)
	at java.desktop/java.awt.EventDispatchThread.pumpEvents(EventDispatchThread.java:101)
	at java.desktop/java.awt.EventDispatchThread.run(EventDispatchThread.java:90)
[INFO ] 2026-10-05 11:46:05,543 [AWT-EventQueue-0] com.wmp.downloader.ui.Downloader:20 
 正在加载：com.wmp.downloader.ui.Downloader$$Lambda/0x000000002f3288a8@6154e113
[INFO ] 2026-10-05 11:46:05,558 [SwingWorker-pool-2-thread-7] com.wmp.speed_bump.platform.background.pc.resource.control.IconControl:20 
 正在获取folder的对应图标
[INFO ] 2026-10-05 11:46:05,559 [SwingWorker-pool-2-thread-7] com.wmp.speed_bump.platform.background.pc.resource.control.IconControl:20 
 /com/wmp/speed_bump/common/background/resource/icon/dark/9-media/folder.png
[INFO ] 2026-10-05 11:46:05,585 [SwingWorker-pool-2-thread-7] com.wmp.speed_bump.platform.background.pc.resource.control.IconControl:20 
 正在获取folder的对应图标
[INFO ] 2026-10-05 11:46:05,585 [SwingWorker-pool-2-thread-7] com.wmp.speed_bump.platform.background.pc.resource.control.IconControl:20 
 /com/wmp/speed_bump/common/background/resource/icon/dark/9-media/folder.png
[INFO ] 2026-10-05 11:46:05,593 [SwingWorker-pool-2-thread-7] com.wmp.speed_bump.platform.background.pc.resource.control.IconControl:20 
 正在获取folder的对应图标
[INFO ] 2026-10-05 11:46:05,593 [SwingWorker-pool-2-thread-7] com.wmp.speed_bump.platform.background.pc.resource.control.IconControl:20 
 /com/wmp/speed_bump/common/background/resource/icon/dark/9-media/folder.png
[INFO ] 2026-10-05 11:46:05,903 [SwingWorker-pool-2-thread-7] com.wmp.speed_bump.platform.background.pc.resource.control.IconControl:20 
 正在获取folder的对应图标
[INFO ] 2026-10-05 11:46:05,904 [SwingWorker-pool-2-thread-7] com.wmp.speed_bump.platform.background.pc.resource.control.IconControl:20 
 /com/wmp/speed_bump/common/background/resource/icon/dark/9-media/folder.png
[INFO ] 2026-10-05 11:46:05,953 [SwingWorker-pool-2-thread-7] com.wmp.speed_bump.platform.background.pc.resource.control.IconControl:20 
 正在获取folder的对应图标
[INFO ] 2026-10-05 11:46:05,953 [SwingWorker-pool-2-thread-7] com.wmp.speed_bump.platform.background.pc.resource.control.IconControl:20 
 /com/wmp/speed_bump/common/background/resource/icon/dark/9-media/folder.png
[INFO ] 2026-10-05 11:46:06,009 [SwingWorker-pool-2-thread-7] com.wmp.speed_bump.platform.background.pc.resource.control.IconControl:20 
 正在获取trash的对应图标
[INFO ] 2026-10-05 11:46:06,009 [SwingWorker-pool-2-thread-7] com.wmp.speed_bump.platform.background.pc.resource.control.IconControl:20 
 /com/wmp/speed_bump/common/background/resource/icon/dark/9-media/trash.png
[INFO ] 2026-10-05 11:46:06,018 [SwingWorker-pool-2-thread-7] com.wmp.speed_bump.platform.background.pc.resource.control.IconControl:20 
 正在获取eyedropper的对应图标
[INFO ] 2026-10-05 11:46:06,019 [SwingWorker-pool-2-thread-7] com.wmp.speed_bump.platform.background.pc.resource.control.IconControl:20 
 /com/wmp/speed_bump/common/background/resource/icon/dark/10-editing/eyedropper.png
[INFO ] 2026-10-05 11:46:06,024 [SwingWorker-pool-2-thread-7] com.wmp.speed_bump.platform.background.pc.resource.control.IconControl:20 
 正在获取refresh的对应图标
[INFO ] 2026-10-05 11:46:06,025 [SwingWorker-pool-2-thread-7] com.wmp.speed_bump.platform.background.pc.resource.control.IconControl:20 
 /com/wmp/speed_bump/common/background/resource/icon/dark/8-ui/refresh.png
[INFO ] 2026-10-05 11:46:06,030 [SwingWorker-pool-2-thread-7] com.wmp.speed_bump.platform.background.pc.resource.control.IconControl:20 
 正在获取save的对应图标
[INFO ] 2026-10-05 11:46:06,031 [SwingWorker-pool-2-thread-7] com.wmp.speed_bump.platform.background.pc.resource.control.IconControl:20 
 /com/wmp/speed_bump/common/background/resource/icon/dark/8-ui/save.png
[INFO ] 2026-10-05 11:46:06,544 [AWT-EventQueue-0] com.wmp.downloader.ui.Downloader:20 
 正在加载：com.wmp.downloader.ui.Downloader$$Lambda/0x000000002f328ad8@7bb2fcfb
[INFO ] 2026-10-05 11:46:06,644 [SwingWorker-pool-2-thread-8] com.wmp.packagetool.PackageToolSettings:670 
 「打包工具」尚未保存过预设，将使用默认值。预设文件将保存到：E:\Users\21348\.speed-bump\Data\PackageTool\package.info
[DEBUG] 2026-10-05 11:46:06,654 [SwingWorker-pool-2-thread-8] com.wmp.downloader.tools.file.DataControl:50 
 数据保存完成
[DEBUG] 2026-10-05 11:46:06,660 [SwingWorker-pool-2-thread-8] com.wmp.downloader.tools.file.DataControl:50 
 加载数据...
[DEBUG] 2026-10-05 11:46:06,661 [SwingWorker-pool-2-thread-8] com.wmp.downloader.tools.file.DataControl:50 
 文本数据加载完成
[DEBUG] 2026-10-05 11:46:06,841 [SwingWorker-pool-2-thread-8] com.wmp.downloader.tools.file.DataControl:50 
 数据保存完成
[DEBUG] 2026-10-05 11:46:06,847 [SwingWorker-pool-2-thread-8] com.wmp.downloader.tools.file.DataControl:50 
 加载数据...
[DEBUG] 2026-10-05 11:46:06,849 [SwingWorker-pool-2-thread-8] com.wmp.downloader.tools.file.DataControl:50 
 文本数据加载完成
[INFO ] 2026-10-05 11:46:07,138 [SwingWorker-pool-2-thread-8] com.wmp.speed_bump.platform.background.pc.resource.control.IconControl:20 
 正在获取folder的对应图标
[INFO ] 2026-10-05 11:46:07,139 [SwingWorker-pool-2-thread-8] com.wmp.speed_bump.platform.background.pc.resource.control.IconControl:20 
 /com/wmp/speed_bump/common/background/resource/icon/dark/9-media/folder.png
[INFO ] 2026-10-05 11:46:07,147 [SwingWorker-pool-2-thread-8] com.wmp.speed_bump.platform.background.pc.resource.control.IconControl:20 
 正在获取folder的对应图标
[INFO ] 2026-10-05 11:46:07,147 [SwingWorker-pool-2-thread-8] com.wmp.speed_bump.platform.background.pc.resource.control.IconControl:20 
 /com/wmp/speed_bump/common/background/resource/icon/dark/9-media/folder.png
[INFO ] 2026-10-05 11:46:07,191 [SwingWorker-pool-2-thread-8] com.wmp.speed_bump.platform.background.pc.resource.control.IconControl:20 
 正在获取link的对应图标
[INFO ] 2026-10-05 11:46:07,192 [SwingWorker-pool-2-thread-8] com.wmp.speed_bump.platform.background.pc.resource.control.IconControl:20 
 /com/wmp/speed_bump/common/background/resource/icon/dark/9-media/share.png
[INFO ] 2026-10-05 11:46:07,743 [AWT-EventQueue-0] com.wmp.downloader.ui.Downloader:20 
 正在加载：com.wmp.downloader.ui.Downloader$$Lambda/0x000000002f326c60@727d997d
[INFO ] 2026-10-05 11:46:07,766 [SwingWorker-pool-2-thread-9] com.wmp.speed_bump.platform.background.pc.resource.control.IconControl:20 
 正在获取import的对应图标
[INFO ] 2026-10-05 11:46:07,767 [SwingWorker-pool-2-thread-9] com.wmp.speed_bump.platform.background.pc.resource.control.IconControl:20 
 /com/wmp/speed_bump/common/background/resource/icon/dark/9-media/import.png
[INFO ] 2026-10-05 11:46:07,772 [SwingWorker-pool-2-thread-9] com.wmp.speed_bump.platform.background.pc.resource.control.IconControl:20 
 正在获取refresh的对应图标
[INFO ] 2026-10-05 11:46:07,772 [SwingWorker-pool-2-thread-9] com.wmp.speed_bump.platform.background.pc.resource.control.IconControl:20 
 /com/wmp/speed_bump/common/background/resource/icon/dark/8-ui/refresh.png
[INFO ] 2026-10-05 11:46:07,775 [SwingWorker-pool-2-thread-9] com.wmp.speed_bump.platform.background.pc.resource.control.IconControl:20 
 正在获取refresh的对应图标
[INFO ] 2026-10-05 11:46:07,776 [SwingWorker-pool-2-thread-9] com.wmp.speed_bump.platform.background.pc.resource.control.IconControl:20 
 /com/wmp/speed_bump/common/background/resource/icon/dark/8-ui/refresh.png
[INFO ] 2026-10-05 11:46:08,775 [AWT-EventQueue-0] com.wmp.downloader.ui.Downloader:20 
 正在加载：com.wmp.downloader.ui.Downloader$$Lambda/0x000000002f328d08@16ff5010
[INFO ] 2026-10-05 11:46:08,814 [SwingWorker-pool-2-thread-10] com.wmp.speed_bump.platform.background.pc.resource.control.IconControl:20 
 正在获取icon的对应图标
[INFO ] 2026-10-05 11:46:08,815 [SwingWorker-pool-2-thread-10] com.wmp.speed_bump.platform.background.pc.resource.control.IconControl:20 
 /com/wmp/speed_bump/common/background/resource/icon/dark/icon.png
[INFO ] 2026-10-05 11:46:08,820 [SwingWorker-pool-2-thread-10] com.wmp.speed_bump.platform.background.pc.resource.control.IconControl:20 
 正在获取license的对应图标
[INFO ] 2026-10-05 11:46:08,821 [SwingWorker-pool-2-thread-10] com.wmp.speed_bump.platform.background.pc.resource.control.IconControl:20 
 /com/wmp/speed_bump/common/background/resource/icon/dark/9-media/protect.png
[INFO ] 2026-10-05 11:46:08,825 [SwingWorker-pool-2-thread-10] com.wmp.speed_bump.platform.background.pc.resource.control.IconControl:20 
 正在获取update的对应图标
[INFO ] 2026-10-05 11:46:08,826 [SwingWorker-pool-2-thread-10] com.wmp.speed_bump.platform.background.pc.resource.control.IconControl:20 
 /com/wmp/speed_bump/common/background/resource/icon/dark/9-media/cloud-download.png
[INFO ] 2026-10-05 11:46:08,830 [SwingWorker-pool-2-thread-10] com.wmp.speed_bump.platform.background.pc.resource.control.IconControl:20 
 正在获取link的对应图标
[INFO ] 2026-10-05 11:46:08,830 [SwingWorker-pool-2-thread-10] com.wmp.speed_bump.platform.background.pc.resource.control.IconControl:20 
 /com/wmp/speed_bump/common/background/resource/icon/dark/9-media/share.png
[INFO ] 2026-10-05 11:46:08,834 [SwingWorker-pool-2-thread-10] com.wmp.speed_bump.platform.background.pc.resource.control.IconControl:20 
 正在获取issue的对应图标
[INFO ] 2026-10-05 11:46:08,835 [SwingWorker-pool-2-thread-10] com.wmp.speed_bump.platform.background.pc.resource.control.IconControl:20 
 /com/wmp/speed_bump/common/background/resource/icon/dark/9-media/bug.png
[ERROR] 2026-10-05 11:46:10,645 [plugin-list-loader] com.wmp.downloader.newArchitecture.ParserTaskInfo:35 
 网络数据获取失败
java.net.ConnectException: Connection refused: getsockopt
	at java.base/sun.nio.ch.Net.pollConnect(Native Method)
	at java.base/sun.nio.ch.Net.pollConnectNow(Net.java:639)
	at java.base/sun.nio.ch.NioSocketImpl.timedFinishConnect(NioSocketImpl.java:543)
	at java.base/sun.nio.ch.NioSocketImpl.connect(NioSocketImpl.java:594)
	at java.base/java.net.SocksSocketImpl.connect(SocksSocketImpl.java:284)
	at java.base/java.net.Socket.connect(Socket.java:659)
	at java.base/sun.security.ssl.SSLSocketImpl.connect(SSLSocketImpl.java:304)
	at java.base/sun.net.NetworkClient.doConnect(NetworkClient.java:161)
	at java.base/sun.net.www.http.HttpClient.openServer(HttpClient.java:524)
	at java.base/sun.net.www.http.HttpClient.openServer(HttpClient.java:612)
	at java.base/sun.net.www.protocol.https.HttpsClient.<init>(HttpsClient.java:207)
	at java.base/sun.net.www.protocol.https.HttpsClient.New(HttpsClient.java:289)
	at java.base/sun.net.www.protocol.https.AbstractDelegateHttpsURLConnection.getNewHttpClient(AbstractDelegateHttpsURLConnection.java:196)
	at java.base/sun.net.www.protocol.http.HttpURLConnection.plainConnect0(HttpURLConnection.java:966)
	at java.base/sun.net.www.protocol.http.HttpURLConnection.plainConnect(HttpURLConnection.java:902)
	at java.base/sun.net.www.protocol.http.HttpURLConnection.connect(HttpURLConnection.java:875)
	at java.base/sun.net.www.protocol.https.AbstractDelegateHttpsURLConnection.connect(AbstractDelegateHttpsURLConnection.java:181)
	at java.base/sun.net.www.protocol.https.HttpsURLConnectionImpl.connect(HttpsURLConnectionImpl.java:141)
	at org.jsoup.helper.HttpConnection$Response.execute(HttpConnection.java:859)
	at org.jsoup.helper.HttpConnection$Response.execute(HttpConnection.java:829)
	at org.jsoup.helper.HttpConnection.execute(HttpConnection.java:366)
	at com.wmp.downloader.newArchitecture.ParserTaskInfo.getInstallPluginParserInfoList(ParserTaskInfo.java:593)
	at com.wmp.downloader.newArchitecture.ParserTaskInfo.lambda$getInstallPluginParserInfoList$0(ParserTaskInfo.java:565)
	at java.base/java.util.concurrent.FutureTask.run(FutureTask.java:328)
	at java.base/java.lang.VirtualThread.run(VirtualThread.java:460)
[ERROR] 2026-10-05 11:46:12,999 [plugin-list-loader] com.wmp.downloader.newArchitecture.ParserTaskInfo:35 
 网络数据获取失败
java.net.ConnectException: Connection refused: getsockopt
	at java.base/sun.nio.ch.Net.pollConnect(Native Method)
	at java.base/sun.nio.ch.Net.pollConnectNow(Net.java:639)
	at java.base/sun.nio.ch.NioSocketImpl.timedFinishConnect(NioSocketImpl.java:543)
	at java.base/sun.nio.ch.NioSocketImpl.connect(NioSocketImpl.java:594)
	at java.base/java.net.SocksSocketImpl.connect(SocksSocketImpl.java:284)
	at java.base/java.net.Socket.connect(Socket.java:659)
	at java.base/sun.security.ssl.SSLSocketImpl.connect(SSLSocketImpl.java:304)
	at java.base/sun.net.NetworkClient.doConnect(NetworkClient.java:161)
	at java.base/sun.net.www.http.HttpClient.openServer(HttpClient.java:524)
	at java.base/sun.net.www.http.HttpClient.openServer(HttpClient.java:612)
	at java.base/sun.net.www.protocol.https.HttpsClient.<init>(HttpsClient.java:207)
	at java.base/sun.net.www.protocol.https.HttpsClient.New(HttpsClient.java:289)
	at java.base/sun.net.www.protocol.https.AbstractDelegateHttpsURLConnection.getNewHttpClient(AbstractDelegateHttpsURLConnection.java:196)
	at java.base/sun.net.www.protocol.http.HttpURLConnection.plainConnect0(HttpURLConnection.java:966)
	at java.base/sun.net.www.protocol.http.HttpURLConnection.plainConnect(HttpURLConnection.java:902)
	at java.base/sun.net.www.protocol.http.HttpURLConnection.connect(HttpURLConnection.java:875)
	at java.base/sun.net.www.protocol.https.AbstractDelegateHttpsURLConnection.connect(AbstractDelegateHttpsURLConnection.java:181)
	at java.base/sun.net.www.protocol.https.HttpsURLConnectionImpl.connect(HttpsURLConnectionImpl.java:141)
	at org.jsoup.helper.HttpConnection$Response.execute(HttpConnection.java:859)
	at org.jsoup.helper.HttpConnection$Response.execute(HttpConnection.java:829)
	at org.jsoup.helper.HttpConnection.execute(HttpConnection.java:366)
	at com.wmp.downloader.newArchitecture.ParserTaskInfo.getInstallPluginParserInfoList(ParserTaskInfo.java:593)
	at com.wmp.downloader.newArchitecture.ParserTaskInfo.lambda$getInstallPluginParserInfoList$0(ParserTaskInfo.java:565)
	at java.base/java.util.concurrent.FutureTask.run(FutureTask.java:328)
	at java.base/java.lang.VirtualThread.run(VirtualThread.java:460)
